id,name,brewery_type,city,state_province,country,latitude,longitude,has_website,has_phone,name_length,num_words_name
ae7b3174-8be8-4d53-a3a5-9b8240970eea,'s,brewpub,Kronach,Bayern,Germany,50.241246,11.327765,1,1,2,1
aa7cbe9b-3a0f-4888-9884-6186b0042b55,’t Drankorgel,micro,Mol,Vlaanderen,Belgium,51.1762578,5.0569549,1,1,13,2
1034754f-abf9-4b42-bd6d-37e110ba4b1a,'T Kroontje,micro,Lebbeke,Vlaanderen,Belgium,51.0078878,4.0913928,1,1,11,2
5128df48-79fc-4f0f-8b52-d06be54d0cec,(405) Brewing Co,micro,Norman,Oklahoma,United States,35.25738891,-97.46818222,1,1,16,3
9c5a66c8-cc13-416f-a5d9-0a769c87d318,(512) Brewing Co,micro,Austin,Texas,United States,41.5082102,-85.5378194,1,1,16,3
34e8c68b-6146-453f-a4b9-1f6cd99a5ada,1 of Us Brewing Company,micro,Mount Pleasant,Wisconsin,United States,42.720108268996,-87.883363502094,1,1,23,5
21f21cc0-5b2f-4b79-be29-3bc625bcc4c8,1. Altenberger Brauhaus,brewpub,Oberasbach,Bayern,Germany,49.4369958,10.9685585,1,1,23,3
6d14b220-8926-4521-8d19-b98a2d6ec3db,10 Barrel Brewing Co,large,Bend,Oregon,United States,44.08683531,-121.281706,1,1,20,4
e2e78bd8-80ff-4a61-a65c-3bfbd9d76ce2,10 Barrel Brewing Co,large,Bend,Oregon,United States,44.0575649,-121.3288021,0,1,20,4
e432899b-7f58-455f-9c7b-9a6e2130a1e0,10 Barrel Brewing Co,large,Portland,Oregon,United States,45.5259786,-122.6855056,1,1,20,4
ef970757-fe42-416f-931d-722451f1f59c,10 Barrel Brewing Co,large,San Diego,California,United States,32.714813,-117.129593,1,1,20,4
9f1852da-c312-42da-9a31-097bac81c4c0,10 Barrel Brewing Co - Bend Pub,large,Bend,Oregon,United States,44.0912109,-121.2809536,0,1,31,7
ea4f30c0-bce6-416b-8904-fab4055a7362,10 Barrel Brewing Co - Boise,large,Boise,Idaho,United States,43.618516,-116.202929,1,1,28,6
1988eb86-f0a2-4674-ba04-02454efa0d31,10 Barrel Brewing Co - Denver,large,Denver,Colorado,United States,39.7592508,-104.9853655,0,1,29,6
1ecc330f-6275-42a5-b14e-00adbed62752,10 Torr Distilling and Brewing,micro,Reno,Nevada,United States,39.5171702,-119.7732015,1,1,30,5
7531dbd8-afc9-4b5b-95bc-7ece7f2c0bf3,10-56 Brewing Company,micro,Knox,Indiana,United States,41.289715,-86.627954,0,1,21,3
49eaa1ab-5cee-40cd-a0dc-da14ba2b7dac,1000 Hills Brewing Company,brewpub,Durban,KwaZulu-Natal,South Africa,-29.7711,30.7063,1,1,26,4
5ae467af-66dc-4d7f-8839-44228f89b596,101 North Brewing Company,closed,Petaluma,California,United States,38.27029381,-122.665055,1,1,25,4
4ffda196-dd59-44a5-9eeb-5f7fd4b58f5a,105 West Brewing Co,micro,Castle Rock,Colorado,United States,39.38269495,-104.8667206,1,1,19,4
42aa37d5-8384-4ffe-8c81-7c982eff0384,10K Brewing,micro,Anoka,Minnesota,United States,45.19812039,-93.38952559,1,1,11,2
232e8f62-9afc-45f5-b4bc-582c26b5c43b,10th District Brewing Company,micro,Abington,Massachusetts,United States,42.10591754,-70.94594149,1,1,29,4
08f78223-24f8-4b71-b381-ea19a5bd82df,11 Below Brewing Company,micro,Houston,Texas,United States,29.9515464,-95.5186591,1,1,24,4
58293321-14ae-49d7-9a7b-08436c9e63a6,1188 Brewing Co,brewpub,John Day,Oregon,United States,44.4146563,-118.9218754,1,1,15,3
e5f3e72a-fee2-4813-82cf-f2e53b439ae6,12 Acres Brewing Company,micro,Killeshin,Laois,Ireland,52.84930763,-6.979343891,1,1,24,4
d81ff708-b5d2-478f-af6a-6d40f5beb9ac,12 Gates Brewing Company,brewpub,Williamsville,New York,United States,41.5082102,-85.5378194,1,1,24,4
fb94830f-6196-4f59-9189-c9060b778085,12 West Brewing Company,micro,Gilbert,Arizona,United States,41.5082102,-85.5378194,1,1,23,4
0faa0fb2-fffa-416d-9eab-46f67477c8ef,12 West Brewing Company - Production Facility,micro,Mesa,Arizona,United States,33.436188,-111.5860662,0,0,45,7
e54c2f02-acd6-4172-861d-fcfa54c8701a,122 West Brewing Co,closed,Bellingham,Washington,United States,48.7621709,-122.485982,1,1,19,4
d5cb896d-3e99-4e19-9693-5e06ce987e53,127 Brewing,micro,Jackson,Michigan,United States,42.28667212,-84.43116792,0,1,11,2
06e9fffb-e820-45c9-b107-b52b51013e8f,12Degree Brewing,brewpub,Louisville,Colorado,United States,39.9782443,-105.1319826,1,1,16,2
50521ef7-f543-4c5d-98b1-0d0ee1a2be01,12welve Eyes Brewing,micro,Saint Paul,Minnesota,United States,41.5082102,-85.5378194,1,1,20,3
950180bd-29c9-46b3-ad0c-e6f09799ec7f,13 Below Brewery,micro,Cincinnati,Ohio,United States,39.12639764,-84.70634815,1,1,16,3
45119c56-345b-4adc-b481-c5cf7bfe98c4,13 Stripes Brewery,brewpub,Taylors,South Carolina,United States,41.5082102,-85.5378194,1,1,18,3
936c3d7e-5d54-4459-b72c-117cdda059b4,13 Virtues Brewing Co,brewpub,Portland,Oregon,United States,45.4762536,-122.6487531,1,1,21,4
5c53b314-ebab-4e3e-89be-e4139d9318ae,1323 R & D,micro,Raleigh,North Carolina,United States,41.5082102,-85.5378194,1,1,10,4
4788221a-a03b-458c-9084-4cadd69ade6d,14 Cannons Brewing Company,micro,Westlake Village,California,United States,34.15334,-118.802397,1,1,26,4
b7b68d22-5045-4501-b9bf-ec94946eaffc,14 Lakes Brewery,micro,Crosslake,Minnesota,United States,41.5082102,-85.5378194,0,1,16,3
4b677b60-fef1-42e2-90ef-dadc1bd7fb06,14er Brewing Company,other,Denver,Colorado,United States,39.7614112,-104.9839636,1,1,20,3
6c53984f-fac1-4ea7-9c44-44e25897c71a,14th Star Brewing,micro,Saint Albans,Vermont,United States,41.5082102,-85.5378194,1,1,17,3
c1dc2b15-1ad0-4af4-840b-13a5c204f19a,1516 Westparkbräu,brewpub,Ingolstadt,Bayern,Germany,48.7752587,11.3903278,1,1,17,2
85192a9c-58a4-48c3-bd9d-496d09d22aa3,16 Lots Brewing,brewpub,Mason,Ohio,United States,39.3545967,-84.3183801,1,1,15,3
284b44f8-6ccb-4cd6-8d06-f2ad882a47c3,16 Mile Brewing Co,micro,Georgetown,Delaware,United States,38.6788938,-75.37816436,1,1,18,4
ee6d39c6-092f-4623-8099-5b8643f70dbe,16 Stone Brewpub,brewpub,Holland Patent,New York,United States,43.24211175,-75.2565195,1,1,16,3
d35b40b0-a3ff-4878-a6ee-9caa2149b521,1623 Brewing Company,brewpub,Eldersburg,Maryland,United States,39.4164017,-76.9773575,1,1,20,3
84bd3b3c-bd2d-4e07-bc31-b43a8c8ebf4c,1717 Brewing Co,micro,Des Moines,Iowa,United States,41.5872267,-93.6120353,1,1,15,3
f41a0c47-ba9b-4547-bfed-fcbefe0fc74b,1718 Ocracoke Brewing,brewpub,Ocracoke,North Carolina,United States,35.10715368,-75.97176063,1,1,21,3
84d621c4-81a5-44e6-aca7-1566c2e67cc0,1781 Brewing Company,micro,Spotsylvania,Virginia,United States,41.5082102,-85.5378194,0,1,20,3
896f26a1-d80e-4790-9287-026a86c1799d,180 and Tapped,micro,Coraopolis,Pennsylvania,United States,40.50984957,-80.15020356,1,1,14,3
31935dfe-87ab-4b3c-b845-1347e78f3d98,1812 Brewery,micro,Cumberland,Maryland,United States,39.7021475,-78.7008528,1,1,12,2
46839a79-b7bf-4733-b91b-ce116d062a57,1817 Brewery,micro,okolona,Mississippi,United States,34.001703,-88.750264,0,1,12,2
1a1b2165-73ed-40aa-b89b-56794d140f22,1840 Brewing Company,micro,Milwaukee,Wisconsin,United States,43.00436242,-87.90606942,1,1,20,3
fe6b9893-b93e-43d5-a9f6-3e0c89a3f13c,1850 Brewing Company,micro,Mariposa,California,United States,37.570148,-119.9036592,1,0,20,3
b51f3cdf-60ff-4ae1-94a7-76906c7d62eb,18th Street Brewery,micro,Gary,Indiana,United States,41.59928343,-87.26887786,1,0,19,3
add7f978-942e-4d56-b209-c80837a51d69,18th Street Brewery,micro,Hammond,Indiana,United States,41.61556796,-87.517422,0,0,19,3
dbde8235-2b55-4d8b-8b1c-438155abe104,1905 Brewing Company,micro,Assumption,Illinois,United States,39.5172564,-89.0503635,1,1,20,3
4f4b5b34-d572-4dff-a18f-47e507c073e6,1912 Brewing,micro,Tucson,Arizona,United States,32.24673727,-110.9927505,1,1,12,2
4ccad9b9-f9cf-4d21-b6d5-ab005ee1532d,192 Brewing,micro,Kenmore,Washington,United States,47.75670075,-122.2415652,1,1,11,2
4a09f017-db8f-42e1-a8ec-a0cd81c28761,1940's Brewing Company,micro,Holbrook,New York,United States,41.5082102,-85.5378194,1,1,22,3
4dcaeaa3-d7cc-4016-9392-5bde4e3a8f4d,1st Republic Brewing Co,micro,Essex Junction,Vermont,United States,41.5082102,-85.5378194,1,1,23,4
9046adec-ed04-4c60-8043-4a02e9e2dabc,2 Basset Brewery,micro,White Sulphur Springs,Montana,United States,46.54807609,-110.9004865,1,1,16,3
8436b02b-9a06-474c-b5eb-8ff9aedf1f99,2 Dogz and A Guy Brewing,micro,Montrose,Pennsylvania,United States,41.8336364,-75.8800318,1,1,24,6
2005a2bb-0f89-4520-8553-f79cf0b4c909,2 Feet Brewing Company,brewpub,Bangor,Maine,United States,44.80012684,-68.77283099,1,1,22,4
d30841d8-0152-469f-9a19-1b97a5f965a6,2 HALFS Brewing Distilling,micro,Alexandria,NSW,Australia,-33.902839,151.1979,1,1,26,4
6948c755-a504-42f9-88e8-d04d027731e5,2 Row Brewing,micro,Midvale,Utah,United States,40.5950202,-111.9007652,1,1,13,3
fb2460bb-d6bb-4690-a700-f0b5628cc7dd,2 Silos Brewing Company,micro,Manassas,Virginia,United States,41.5082102,-85.5378194,1,1,23,4
836cb05e-ee8f-4798-859e-fe0bedb0186a,2 Tones Brewing Co.,micro,Whitehall,Ohio,United States,40.0030689,-82.9118174,1,0,19,4
5ec3b488-48bd-49a7-9828-05bd90195cd5,2 Tread Brewing Co,brewpub,Santa Rosa,California,United States,38.4387767,-122.7167729,1,1,18,4
8624d11b-8593-49a8-89b4-c46a0f111cd7,2 Way Brewing Company,brewpub,Beacon,New York,United States,41.5082102,-73.9809868,1,1,21,4
5cda93ce-6b16-4374-9d43-bb4383be0187,2 Witches Winery and Brewing Company,micro,Danville,Virginia,United States,36.58590349,-79.42125553,1,1,36,6
64a48d9e-08e9-45e3-83ca-f00d24bb7e49,20 Corners Brewing LLC,brewpub,Woodinville,Washington,United States,47.76864301,-122.1517007,1,1,22,4
c018299b-db2d-438b-b58c-ecaa0f07a0df,210 Brewing Co,brewpub,Arlington,Washington,United States,48.215096,-122.18421,1,1,14,3
00fdce16-e1dd-4678-87f2-45550f9083e1,212 Brewing Company,contract,Davenport,New York,United States,41.5082102,-85.5378194,0,1,19,3
46a8ed58-5d1a-413e-871e-d2d29d6d43f0,217 Brew Works,micro,Wilson,North Carolina,United States,35.7227625,-77.9120318,0,1,14,3
63baab9a-b561-4eff-8619-f95290a61b77,21st Amendment Brewery,regional,San Leandro,California,United States,37.71130036,-122.1772928,1,1,22,3
8f9621dc-da98-4ddb-82a1-039c9e2b3224,21st Amendment Brewery Cafe,brewpub,San Francisco,California,United States,37.782448,-122.3925769,1,1,27,4
84337872-75da-4cdd-9f8f-1e1691f21642,21st St Brewers Bar,brewpub,Saint Louis,Missouri,United States,38.624291,-90.213781,1,1,19,4
2711c5ad-83cb-4917-932e-b8bbf1a25ffb,23 Brewing Company / Lizzie B's Cafe,brewpub,Prestonsburg,Kentucky,United States,41.5082102,-85.5378194,1,1,36,7
e05dc493-284f-4ece-995e-19899398f077,238 Brewing Company,closed,Mead,Washington,United States,41.5082102,-85.5378194,1,1,19,3
29c73154-9117-4f27-98e1-b5bb5f69c055,23rd Ave Brewery,closed,Seattle,Washington,United States,47.599163,-122.301811,1,1,16,3
c70c8ad5-4bfa-4b2a-a383-7e7d15e0baf9,23rd Street Brewery,brewpub,Lawrence,Kansas,United States,38.9429674,-95.28093353,1,1,19,3
6751228c-5373-4a54-8d68-72df6849a437,26 Degree Brewing Company,micro,Pompano Beach,Florida,United States,26.2316338,-80.1224169,0,1,25,4
e0444512-54a6-4a44-b5bb-0f9b88326454,27 South Brewing,micro,Coorparoo,QLD,Australia,-27.4869498,153.0567537,1,0,16,3
43cd61af-dd59-4a91-8e3f-fce26a141a9b,28 Brewery,micro,Bruxelles,Brussels Capital Region,Belgium,50.8482035,4.3499006,1,1,10,2
d6e77d51-2fa2-44cb-89b3-c94bf1dc77df,28th State Brewing,planning,Houston,Texas,United States,41.5082102,-85.5378194,1,0,18,3
7d13ee75-e7e3-4623-862a-43a18dd6a1ae,2C Family Brewing Co.,micro,Nampa,Idaho,United States,43.578989,-116.559282,0,1,21,4
5fdcc498-f9df-4fa5-b35d-487a59f0fecc,2Kids Brewing Company,micro,San Diego,California,United States,32.896584,-117.137429,1,1,21,3
be0ec266-d637-42e4-94ba-4ce21e456054,2nd Shift Brewing Co,brewpub,Saint Louis,Missouri,United States,38.621943,-90.280526,1,1,20,4
fb8eee34-da8a-42b2-bc4c-77020024a7f0,2nd Story Brewing Company,brewpub,Philadelphia,Pennsylvania,United States,41.5082102,-85.5378194,1,1,25,4
3cf2698f-4193-4591-aab3-a8ef0fbedcab,2SP Brewing Company,micro,Aston,Pennsylvania,United States,41.5082102,-85.5378194,1,1,19,3
e2923681-b2b4-443b-9f90-6d560992e85f,2T,micro,Lindlar,Nordrhein-Westfalen,Germany,51.0241713,7.375127,1,1,2,1
9fdb80f1-a96f-4dc4-80a2-5b0d9a246916,3 Beards Beer Company,contract,Williamsburg,Massachusetts,United States,42.3923659,-72.7305059,1,1,21,4
58fd6094-aa06-487e-85fe-4376cd81f0ab,3 Brewers,brewpub,Toronto,Ontario,Canada,43.6555221,-79.3804435,1,1,9,2
065200ec-51cf-4612-b1b9-61f7db489c3c,3 Daughters Brewing,micro,Saint Petersburg,Florida,United States,27.76899022,-82.6629721,1,1,19,3
60c00c0b-b797-4f6a-b442-3bfbaec156ca,3 Disciples Brewing,micro,Sebastopol,California,United States,38.3845125,-122.8332502,1,1,19,3
ad9ec3c5-cd44-4fcb-a4d1-cbec897839b1,3 Fonteinen,micro,Beersel,Vlaanderen,Belgium,50.763105,4.2736147,1,1,11,2
a1887b5a-0c21-43cf-9547-527b7c11dcf4,3 Freaks Brewing Co,micro,Highlands Ranch,Colorado,United States,39.5659575,-104.9426656,1,1,19,4
a74744eb-ca98-43c5-9199-09df39f8b400,3 Iron Brewing Company,micro,Colton,California,United States,34.05616889,-117.3066993,1,1,22,4
1218736c-bfcf-4b95-b473-7399aaf60d1d,"3 Keys Brewing Company, LLC",brewpub,Bradenton,Florida,United States,27.49645026,-82.53393502,1,1,27,5
ed387340-ea78-4f65-9de0-15e2da50371e,3 Nations Brewing,micro,Farmers Branch,Texas,United States,32.93044336,-96.89883128,1,1,17,3
50f26a2b-242d-40af-b78b-cf975ce37761,3 Ravens,micro,Thornbury,VIC,Australia,-37.755894,145.026872,1,1,8,2
a8fda9a9-026b-4b15-86b9-62b4ccb126c1,3 Sheeps Brewing Co,micro,Sheboygan,Wisconsin,United States,43.77384561,-87.73006524,1,1,19,4
5595bb24-e2b8-4a6e-9f0b-451fac8dd903,3 Sheets Brewery,micro,Albany,Oregon,United States,41.5082102,-85.5378194,1,1,16,3
e2ddeea8-03d4-43e7-bfd0-d27797b9d016,3 Sons Brewing Co.,other,Dania,Florida,United States,26.04800238,-80.14361029,1,1,18,4
bd8b76ca-a70a-4363-96cb-24f1d0118a74,3 Stars Brewing Co,closed,Washington,District of Columbia,United States,41.5082102,-85.5378194,1,1,18,4
cb56e27e-d113-4f74-925a-69305a56d082,3 Trails Brewing Co,micro,Independence,Missouri,United States,39.122385,-94.41265,1,1,19,4
6c5dabed-6a59-4610-abc9-b1e958393186,30 Mile Brewing Co.,closed,Old Saybrook,Connecticut,United States,41.5082102,-85.5378194,1,1,19,4
2f6062af-4d6f-42b2-b4ad-626cf01a1fec,300 Suns Brewing Company,brewpub,Longmont,Colorado,United States,41.5082102,-85.5378194,1,0,24,4
3b0b5b9b-f6d8-49e3-8ebd-0bcef6939bcd,32 North Brewing Co,brewpub,San Diego,California,United States,32.88313237,-117.1649842,1,1,19,4
3b836ff9-8088-4df0-b2f1-8287f2a35b81,33 Acres Brewing Company,brewpub,Vancouver,British Columbia,Canada,49.2637804,-123.1053533,1,0,24,4
70749225-122e-4824-852b-29680e90c8ec,33 Brewing Experiment,brewpub,Vancouver,British Columbia,Canada,49.2637804,-123.1053533,1,0,21,3
a964a343-e4f1-40d8-9353-09ef9b74f513,34 Degree North Experiment Station,micro,Shallotte,North Carolina,United States,33.97270364,-78.38636517,0,0,34,5
098595c2-f606-40b4-9b49-195f73fb6fd6,350 Brewing Co,brewpub,Tinley Park,Illinois,United States,41.55864726,-87.79160288,1,1,14,3
63969ec8-b557-4c71-b993-ad00c99ab70e,360 Degree Brewing Company,micro,Sheffield Park,East Sussex,England,50.993912,-0.00086,1,1,26,4
55de8d28-4231-4497-8ff7-3031e7bb3be5,38 State Brewing,micro,Littleton,Colorado,United States,41.5082102,-85.5378194,1,1,16,3
dfa3f8fc-21cf-443d-ba8d-8adfc6873852,38°-75° Brewing,brewpub,Rehoboth Beach,Delaware,United States,38.7074994,-75.090191,0,1,15,2
53305a0f-9b51-4f73-bf5e-88bb0439b216,380 Brewing Company,planning,Clancy,Montana,United States,41.5082102,-85.5378194,0,1,19,3
b84d47b5-43a1-4a05-9ee4-e795dfbf019c,3806 Brewing,micro,Berwick,VIC,Australia,-38.0371856,145.3416748,1,1,12,2
842d193f-7a1b-4960-86f8-7d6614884005,3cross Fermentation Cooperative,micro,Worcester,Massachusetts,United States,42.24364875,-71.83057593,1,1,31,3
4f70ac94-eca5-4cec-8581-92ec5afdf4f2,3Halves Brewing Co,brewpub,Liberty,Missouri,United States,39.2461993,-94.4190247,1,1,18,3
694547f5-28fd-4363-bad6-03b6eaf0f1dd,3rd Degree Brewhouse,micro,Fuquay Varina,North Carolina,United States,35.5914556,-78.794223,1,1,20,3
370fdc3b-55a0-43f0-a54e-f617a7cec7b8,3rd Planet Brewing,micro,Niceville,Florida,United States,41.5082102,-85.5378194,1,1,18,3
3c9354c5-4d21-40a8-8e53-8f2f9b5e043b,3rd Rock Brewing Company,micro,Trenton,North Carolina,United States,35.06939877,-77.36749285,1,1,24,4
2eed7840-ec52-48b5-b22e-d9d76bd01929,3rd Turn Brewing,micro,Louisville,Kentucky,United States,38.19322725,-85.56656078,1,0,16,3
781bda70-39b2-4f3f-9213-9d0f44c08991,3rd Wave Brewing Co,micro,Delmar,Delaware,United States,41.5082102,-85.5378194,1,1,19,4
a00c1c11-dede-4d7f-a514-bd291b6db283,3TREE BREWERY,micro,Ibaraki,Osaka,Japan,34.81744613,135.5780968,1,0,13,2
b72f2ce6-e062-404d-ac31-c1060db2d870,4 By 4 Brewing Company,micro,Springfield,Missouri,United States,37.147986,-93.239889,1,1,22,5
ac2f41ed-e1e8-4586-aa78-253543db7714,4 Hands Brewing Co,regional,Saint Louis,Missouri,United States,38.61526593,-90.19762012,1,1,18,4
dc652569-19d7-4f63-a999-3e8d5d6798c1,4 Noses Brewing Company,micro,Broomfield,Colorado,United States,41.5082102,-85.5378194,1,1,23,4
cbcca8ac-55f6-47cb-967f-1a77dfa959e5,4 Pines,large,Richmond,VIC,Australia,-37.824664,144.9901574,0,0,7,2
7c669ae6-460d-476b-bc56-0b4d566a152c,4 Stitch Brewing Co - Brewery & Taproom,other,Mill Creek,Washington,United States,47.84671432549,-122.21991381534,1,1,39,8
b237e2d5-dabc-41f9-a3ff-2b4e3f3a9c8e,4 Stitch Brewing Co - Taproom & Kitchen,brewpub,Woodinville,Washington,United States,47.782473284418,-122.15488674812,1,1,39,8
d4c7fb43-6671-4597-8cdd-e938d751aca2,400 North Brewing,planning,Sugarhill,Georgia,United States,41.5082102,-85.5378194,1,1,17,3
9c3f919e-e6de-4e43-91cb-30f3e73ad591,406 Brewing Company,micro,Bozeman,Montana,United States,41.5082102,-85.5378194,1,1,19,3
b7f2ebb8-6764-4654-a98b-246724c8952a,411 Broadway Ales,planning,Fresno,California,United States,36.7295295,-119.7088613,0,1,17,3
ef60f8cf-0fdc-4ea1-aa94-09e1f869176b,412 Brews,brewpub,Mc Kees Rocks,Pennsylvania,United States,41.5082102,-85.5378194,1,0,9,2
dad10840-28ab-4dcf-9005-bf2cc2665b5a,42 North Brewing Company,brewpub,East Aurora,New York,United States,42.769311,-78.607989,1,1,24,4
52dd0878-928b-4b47-b7fa-602f140592ed,4204 Main Street Brewing Co,brewpub,Belleville,Illinois,United States,38.53796122,-90.02053343,0,1,27,5
1d3084b5-c9bc-4380-9862-14e837b82bb9,45 Degree Brewhouse,micro,Spokane Valley,Washington,United States,47.657478,-117.264473,1,1,19,3
eb3d0c66-bbe8-495d-a876-924f0c0cf509,450 North Brewing Company @ Simmons Winery,brewpub,Columbus,Indiana,United States,41.5082102,-85.5378194,1,1,42,7
6b892c61-269b-453f-acd1-b79491b0ef0b,47 Hills Brewing Co,brewpub,South San Francisco,California,United States,37.64425595,-122.4136168,1,1,19,4
cd97aeab-a499-4c95-b20b-881bfe3ed6c8,49th State Brewing Co,micro,Healy,Alaska,United States,63.864759,-149.017877,1,1,21,4
eaa4afea-bcb5-434c-839e-ef48fe8811d0,49th State Brewing Co - Anchorage,brewpub,Anchorage,Alaska,United States,61.2197366,-149.8958196,1,1,33,6
025dbb4f-15b3-483e-b78a-348914fa0136,49th State Brewing Co - Ted Stevens,other,Anchorage,Alaska,United States,61.177175621109,-149.99057054233,1,1,35,7
dbf0d7e7-4e2c-4574-9dee-791d95496811,4B's Brewery,brewpub,Cedaredge,Colorado,United States,38.900614,-107.925782,1,1,12,2
aea0a6f9-557e-4907-be23-d80737a071e4,4J Brewing Company,micro,Houston,Texas,United States,41.5082102,-85.5378194,1,1,18,3
53efe9e9-dbb3-4c98-ab77-61515abef2a9,4kd Crick Brewery,brewpub,Defiance,Ohio,United States,41.296252,-84.341647,1,1,17,3
760e8395-f2a2-4161-9bf1-c72ed1aa6ae3,4th Tap Brewing Cooperative,micro,Austin,Texas,United States,30.3852024,-97.7118913,0,1,27,4
d8b4ad26-346b-40dd-8215-b0e89ace23e2,5 Alarm Brewing Co,micro,Lake Mills,Iowa,United States,43.41926615,-93.53398788,0,1,18,4
c17a3e56-4d4e-405e-a21b-85f415903674,5 Lakes Brewing Co.,brewpub,Dorr,Michigan,United States,42.72497157,-85.70445518,1,1,19,4
75eff8e1-7c25-483a-a2b2-49ecdbf16d31,5 Lamps Brewery,regional,Dublin,Dublin,Ireland,53.33596635,-6.26585621,1,0,15,3
257e9aac-7dbe-4656-b366-9d8a94c49d58,5 North Brewing Company,closed,Spokane,Washington,United States,47.71758683,-117.4328496,1,1,23,4
a34cb542-e683-4e86-ac8a-d285f891f083,5 Paddles Brewing Company,micro,Whitby,Ontario,Canada,41.5082102,-85.5378194,1,1,25,4
f927d8d6-3151-4073-9d20-410ca617853e,5 Rabbit Cerveceria Inc,micro,Chicago,Illinois,United States,41.7595502,-87.6572069,1,1,23,4
5c99b790-e00d-4ca6-86a5-37723f728690,5 Rights Brewing Co,micro,Marysville,Washington,United States,48.05156015,-122.1762906,1,1,19,4
2af85509-aee5-46bc-ab1a-fd9b8b0026d4,5 Rivers Brewing LLC,planning,Spanish Fort,Alabama,United States,30.6749127,-87.9152724,1,1,20,4
80c395e8-28c8-460a-9cc5-721fcc22410f,5 Seasons Brewing Co - Prado,brewpub,Sandy Springs,Georgia,United States,33.9078086,-84.3796711,1,1,28,6
baad8dd7-b295-480c-8f64-e499562a3662,5 Seasons Brewing Co - Westside,brewpub,Atlanta,Georgia,United States,41.5082102,-85.5378194,1,1,31,6
83d47922-0a23-4b85-9c1c-d50b9135d64a,5 Stones Artisan Brewery,micro,New Braunfels,Texas,United States,29.711365,-98.232345,0,1,24,4
fafc2e23-c3bf-46d3-87c0-00e92209269b,515 Brewing Co,micro,Clive,Iowa,United States,41.599992,-93.7228408,1,1,14,3
7e12d827-22dc-4d07-8715-8192c9680b23,5150 Brewing At The Brass Tap Rocklin,micro,Rocklin,California,United States,38.8047402,-121.207331,1,1,37,7
132540a2-23c8-4720-8c58-31292d264c4a,51st State Brewing Company,brewpub,Kingsford,Michigan,United States,45.808408,-88.08819,1,1,26,4
5858b701-9e27-44e6-8ab8-b950b72c4181,51st Ward Beer Company,contract,Westmont,Illinois,United States,41.804494,-87.981157,0,1,22,4
4d878d25-a8fb-49e7-93da-56d229bf46ff,54-40 Brewing Company,brewpub,Washougal,Washington,United States,45.56577849,-122.3269349,1,1,21,3
126f87c3-1c6d-4ff0-b35c-c8dfa9a8e1b4,550 Brewing,other,Aztec,New Mexico,United States,36.8213739,-107.9950235,1,1,11,2
12e7f950-af94-4014-abdf-e09600209de9,555 Brewing Co.,micro,Wellington,Ontario,Canada,41.5082102,-85.5378194,1,0,15,3
4a4baf4f-921c-46c0-9130-afcc4ce4f4d2,559 Local Brewing,micro,Clovis,California,United States,36.82517171,-119.7017487,1,1,17,3
b0d5d69d-b439-44a6-ab3e-0cbd15658dc7,56 Brewing,micro,Minneapolis,Minnesota,United States,41.5082102,-85.5378194,1,1,10,2
f4a902c1-e5a6-43da-b3e4-a1ffc97d31a9,5770 Brewery,micro,Teutopolis,Illinois,United States,39.13142194,-88.47806652,1,1,12,2
90d1fa86-77d7-4a21-9818-e338fa6fdb96,583 양조장(583 Brewery),brewpub,Jangsu-gun,Jeollabukdo,South Korea,35.68271721,127.6205123,1,1,20,3
258bdc0a-6d5d-4c36-bcf7-e150b3ec6333,5th Company Brewing,brewpub,Perryville,Maryland,United States,39.5581614,-76.0769909,1,1,19,3
eaf55668-8444-4e4f-80c2-b9f32f7e4d83,5th Element Brewing,planning,Leander,Texas,United States,41.5082102,-85.5378194,0,1,19,3
cc8de428-9663-466c-bae8-73ad9edf0892,5th Line Brewing Co,micro,Yakima,Washington,United States,46.61136701,-120.4930458,1,1,19,4
849d5961-83c5-4115-9ae4-c0e93c8d3a7f,5x5 Brewing Co.,planning,Mission,Texas,United States,41.5082102,-85.5378194,1,1,15,3
e2bb50c4-260f-4f42-8306-392f7bd5f4ba,6 & 40 Brewery/Taproom,planning,Lakewood,Colorado,United States,39.6311085,-105.1100582,1,1,22,4
e5992621-3c91-4968-b913-85972aa66fbb,"6 Bears & A Goat Brewing Company, LLC",brewpub,Fredericksburg,Virginia,United States,41.5082102,-85.5378194,1,1,37,8
76ee21a3-d4bd-4526-9ef8-5a23a4507566,6 Bridges Brewing,planning,Johns Creek,Georgia,United States,41.5082102,-85.5378194,1,1,17,3
6f431fe7-b136-444b-84e3-3a2042903d93,6 Degrees of Separation,brewpub,Ossining,New York,United States,41.15866213,-73.86768188,1,1,23,4
ddf69cff-978e-47b6-b42e-75f102418bd0,603 Brewery,micro,Londonderry,New Hampshire,United States,41.5082102,-85.5378194,1,1,11,2
62871bbc-a963-4c09-9eff-eb36ade49fd7,608 Brewing Company,micro,La Crosse,Wisconsin,United States,43.825963955898,-91.249927988566,1,0,19,3
f3e9ba4b-0246-44ac-9170-f095d19e8d64,612 Brew,micro,Minneapolis,Minnesota,United States,45.000631,-93.2062058,1,1,8,2
c02412dc-7507-4047-9497-9066e454c4e1,666 Brewing,closed,Hamilton,Waikato Region,New Zealand,-37.7589444,175.2515685,1,1,11,2
af6cb069-b61a-4c69-8fd2-0a5f87c11a17,6th and La Brea,brewpub,Los Angeles,California,United States,34.0730485,-118.3440213,1,0,15,4
6a928a00-bf8e-4481-ae27-a2a5b14f56e2,7 Devils Brewing Co,brewpub,Coos Bay,Oregon,United States,43.36654751,-124.2147508,1,1,19,4
8824022a-0fd9-4727-b6fa-b7aaf65eb043,7 Hermits Brewing Company,brewpub,Eagle,Colorado,United States,41.5082102,-85.5378194,1,1,25,4
e861ea88-9815-48a0-84ba-d2a1929178e7,7 Hills Brewing Company,brewpub,Dubuque,Iowa,United States,42.5045556,-90.6635263,1,1,23,4
4e84a8d0-0d52-431e-a57a-da8977625bd2,7 Locks Brewing,micro,Rockville,Maryland,United States,39.0561237,-77.1103415,1,1,15,3
84c84db6-1120-4106-a5d3-fd65b9d7303d,7 Mile Brewery,micro,Rio Grande,New Jersey,United States,41.5082102,-85.5378194,1,1,14,3
745b65a8-d682-465c-a418-0188ce5878c2,7 Seas Brewing Co,micro,Tacoma,Washington,United States,47.242614,-122.4390379,1,1,17,4
e062c040-4ff9-46f1-9f3d-172626694cb0,7 Seas Brewing Co - Gig Harbor,other,Gig Harbor,Washington,United States,47.328217,-122.577347,1,1,30,7
a1199657-e4a9-496b-88c3-999f9e7e97e9,7 Sins Brewery,micro,Ripley,New York,United States,42.24869073,-79.7497349,1,1,14,3
a3a1eac7-b858-4bdd-81ac-c2099b717da2,7 Sisters Brewing Co,brewpub,San Luis Obispo,California,United States,35.2467278,-120.6706375,1,1,20,4
3f3220f8-75f8-4fea-a5a4-289aa3267f11,"718BrewCafe, LLP",brewpub,Metropolis,Illinois,United States,37.15373334,-88.73129158,1,1,16,2
c00f57cf-acdd-46da-9269-d182cb87a7e4,734 Brewing Company,micro,Ypsilanti,Michigan,United States,42.24586784,-83.61103475,0,1,19,3
86fc7186-e3a3-42f2-9316-e33c8afa2b8a,7th Day Brewery,micro,Brookvale,NSW,Australia,-33.7668139,151.2727492,1,1,15,3
66a91db6-7d2a-4d67-a720-7f924cae3571,7th Settlement Brewery,closed,Dover,New Hampshire,United States,43.1953787,-70.8728379,1,1,22,3
c7b3260a-b441-4dc8-958f-34c045e26f22,7th Wave Brewing,micro,Medfield,Massachusetts,United States,41.5082102,-85.5378194,1,1,16,3
c179a049-9988-4640-821d-ddf349cdd87e,7venth Sun Brewery,micro,Dunedin,Florida,United States,41.5082102,-85.5378194,1,1,18,3
4679ff59-8ef6-4443-b6ec-f58232c6b7d7,7venth Sun Tampa,micro,Tampa,Florida,United States,27.9495902,-82.4500207,0,1,16,3
c6a766f9-a187-4e5b-9519-6c737ce0cde5,8 Bit Brewing Company,brewpub,Murrieta,California,United States,33.53033448,-117.1762542,1,1,21,4
2a7c0677-5ac3-4ed9-917e-b6214c389ded,8 Wired,micro,Warkworth,Auckland,New Zealand,-36.4090422,174.6548171,1,1,7,2
eef94d73-65e8-4d94-b1de-0d4b45efe090,8-Bit Aleworks,micro,Avondale,Arizona,United States,41.5082102,-85.5378194,1,1,14,2
745272b9-5d04-4468-b1f7-e76a75c22de9,81 Artisan,micro,Chichester,West Sussex,England,50.89212,-0.81111,1,1,10,2
783c5daa-ea5c-4462-836e-c2846ad3ff4e,81Bay Brewing Company,micro,Tampa,Florida,United States,41.5082102,-85.5378194,1,1,21,3
187f0cfc-1433-4d8c-89c0-5b4151504a71,841 Brewhouse,brewpub,Whitewater,Wisconsin,United States,42.8323014,-88.71427344,0,1,13,2
3055793c-9330-4fe1-958b-fef6d2a0e057,8one8 Brewing Company,micro,Canoga Park,California,United States,34.2218019,-118.5885323,1,1,21,3
2d880e85-5b0f-447b-b1b2-5bcae8a4b130,8th Street Ale Haus,brewpub,Sheboygan,Wisconsin,United States,43.75674392,-87.71305702,1,1,19,4
1682e94f-73ba-4035-93be-1fb28bb2cee7,8th Ward Brewing Company,planning,Poughkeepsie,New York,United States,41.5082102,-85.5378194,0,0,24,4
c2bc693f-906a-46a0-a5f9-82eab2d2845b,8th Wonder Brewery,micro,Houston,Texas,United States,29.7487783,-95.3559402,1,1,18,3
a0a230f6-17b2-4460-8eca-61e57be53ed5,9 White Deer Brewery,micro,Macroom,Cork,Ireland,51.936249,-9.146507143,1,1,20,4
2b067eab-e0b0-46b6-aaea-e40a62cf632f,903 Brewers,micro,Sherman,Texas,United States,33.61788732,-96.60698055,1,1,11,2
de6341a8-881b-4d9f-9335-5e9203e8a2c3,927 Beer Company,micro,Cambria,California,United States,35.5666725,-121.0985408,1,1,16,3
de63f5c7-c340-4095-a302-f35ab8ac7179,93 Octane Brewery,micro,Saint Charles,Illinois,United States,41.898851100486,-88.333625900834,1,1,17,3
b4e012c5-0f36-4d0a-a40b-cbcb29c7ceed,95ate5 Brewpub,brewpub,Saint John,Indiana,United States,41.44400246,-87.46380305,1,1,14,2
42598f85-f02e-474c-9154-0aa4f1d932be,9th Hour Brewing Company LLC,planning,Spring Grove,Illinois,United States,41.5082102,-85.5378194,0,0,28,5
9aeccd09-8884-4f0e-93f4-c44dacd246aa,A Homestead Brew,micro,Valley Springs,South Dakota,United States,43.51733014,-96.49421923,1,1,16,3
88a7ac77-a52b-4496-91df-b41e5831a568,A Little Madness Brewing Company,planning,Pensacola,Florida,United States,41.5082102,-85.5378194,1,0,32,5
1a743eec-cc52-4f5e-876b-ef3bcd924e84,Aalener Löwenbrauerei,brewpub,Aalen,Baden-Württemberg,Germany,48.8384864,10.0985681,1,1,21,2
5b627789-ff7e-4890-a7cf-24572bf547a2,Aardwolf Brewing Company,micro,Jacksonville,Florida,United States,30.3108962,-81.6545197,1,1,24,3
7918a6dd-08d0-4157-a841-01b20a9a7a4c,Abandon Brewing,micro,Penn Yan,New York,United States,41.5082102,-85.5378194,1,1,15,2
b18435d9-dac9-46aa-aced-4b6e562fc301,Abandoned,micro,Porirua,Wellington Region,New Zealand,-41.1309581,174.8398212,1,1,9,1
5a7b05f9-bf7b-49a2-a1de-0c1fe01b9374,Abandoned Building Brewery,micro,Easthampton,Massachusetts,United States,41.5082102,-85.5378194,1,1,26,3
9a3e6429-28fc-49f9-8016-d9ba38735214,Abbay de Bonne Esperance,micro,Estinnes,Région wallonne,Belgium,50.3863995,4.14344,1,1,24,4
aa0d914e-2fdb-4e6d-9aa9-f7cdbf9bd4fd,Abbaye Chimay,micro,Chimay,Région wallonne,Belgium,49.981364,4.337552,1,1,13,2
9f280016-c5cb-4b7a-8c1a-f39237c954eb,Abbaye d'Orval,micro,Florenville,Région wallonne,Belgium,49.63843,5.349561,1,1,14,2
13df8f4f-ce22-4f46-ad1d-8a6eaa86f1b4,Abbaye de Brogne,micro,Mettet,Région wallonne,Belgium,50.3456848,4.741608,1,1,16,3
149a0cb0-fdc3-4a41-b086-c0aac49de23c,Abbaye des Rocs,micro,Honnelles,Région wallonne,Belgium,50.369676,3.727111,0,1,15,3
8311d675-4efa-427a-82ba-b06d2cbaaa93,Abbaye St. Rémy,micro,Rochefort,Wallonia,Belgium,50.178573,5.220228,1,1,15,3
9c7b9f2a-6deb-44a1-9b3e-f83952a4db38,Abbey Brewing Co,contract,Miami Beach,Florida,United States,25.7890381,-80.1402943,0,1,16,3
9c5acc37-15fa-4838-91ee-47bf27a94777,"Abbey Brewing Company, LLC",micro,Santa Fe,New Mexico,United States,35.66555826,-105.9465207,1,1,26,4
1ea0bdd3-13a9-46a6-be01-5681c18a226b,Abbey St. Sixtus,micro,Vleteren,Vlaanderen,Belgium,50.895336,2.720948,1,1,16,3
0775bc5e-b1f1-4f8c-9546-b7546251d918,Abbey Val-Dieu,micro,Aubel,Région wallonne,Belgium,50.698736,5.804433,1,1,14,2
77789be2-5bfb-4a17-9e85-5cf50411d2f3,Abe Erb Brewery,brewpub,Kitchener,Ontario,Canada,41.5082102,-85.5378194,1,1,15,3
30d8f77b-aeec-4435-a280-16bacd1b1c97,Aberrant Ales,brewpub,Howell,Michigan,United States,42.60773722,-83.93094539,1,1,13,2
b161916f-3f69-4f16-8059-eef9eee6877c,Abide Brewing Company,micro,Newnan,Georgia,United States,33.40257035,-84.76356641,1,1,21,3
e2fa853c-ca91-4043-878d-0bcee9900ea3,Abigaile,brewpub,Hermosa Beach,California,United States,33.8734519,-118.4048656,1,1,8,1
c074ba4c-0b31-4344-a85a-7930df7fb410,Abita Brewing Co,regional,Covington,Louisiana,United States,30.481981,-90.056477,1,1,16,3
f8ab9530-289b-4684-89f1-474e89f4c5ae,Abjuration Brewing,micro,Mc Kees Rocks,Pennsylvania,United States,41.5082102,-85.5378194,1,1,18,2
c5f6426e-f894-4bfc-9ffb-43bc0baa0881,Able Baker Brewing,micro,Henderson,Nevada,United States,41.5082102,-85.5378194,1,1,18,3
e6780612-ff74-4289-8718-a229529e3ee1,Able Ebenezer Brewing Company,micro,Merrimack,New Hampshire,United States,42.851742,-71.493705,1,1,29,4
31678502-edf6-4eb0-bc10-4ede5ac279b6,Able Seedhouse and Brewery,micro,Minneapolis,Minnesota,United States,44.9993934,-93.2510686,1,1,26,4
00221d0f-2ed7-41d1-95b8-d8b1bfbc8b0e,Abner's Restaurant Inc / Northern Michigan Beer,brewpub,Brohman,Michigan,United States,41.5082102,-85.5378194,0,1,47,7
4db32843-26ff-4e73-9e24-1cb874109b24,Abnormal Beer Company,micro,San Diego,California,United States,33.02391,-117.08575,1,1,21,3
28e05fda-77a4-4a5a-9f8a-08169ec07ce5,Abolitionist Ale Works,brewpub,Charles Town,West Virginia,United States,39.28867207,-77.8607888,1,1,22,3
bec6adc5-3a3b-4793-8364-c58f16e88cc8,Abridged Beer Company,brewpub,Knoxville,Tennessee,United States,35.932287,-84.016459,1,1,21,3
9de7f346-3918-4e5c-b59e-a36bf61b0441,ABRU Craft Brewery,micro,Bellville,Western Cape,South Africa,-33.8742,18.6533,1,1,18,3
67525d30-1f18-4f03-a8ba-28a1153955eb,Absolution Brewing Co,micro,Torrance,California,United States,33.8431391,-118.3378601,1,1,21,3
600f88e5-9dc9-4a41-b54e-909c292ba4bb,Absolution By the Sea,brewpub,La Jolla,California,United States,32.84083388,-117.2740167,0,1,21,4
98b6e0ab-22ba-4864-80b0-a967ca61e536,Abyss Brewing Ltd,micro,Uckfield,East Sussex,England,50.945743,0.14604,1,1,17,3
829f7243-78f3-4282-b0e8-1a5fcb10a229,Accomplice Beer Company,brewpub,Cheyenne,Wyoming,United States,41.130063,-104.819296,1,1,23,3
93b979f7-1a8a-4134-aad9-ebc674cacb6f,Achelse Kluis,micro,Hamont-Achel,Vlaanderen,Belgium,51.29851,5.4897,1,1,13,2
e6edd20a-fcb9-4636-9e82-22d07b4632b0,Achilles,micro,Heist-op-den-Berg,Vlaanderen,Belgium,51.1049059,4.7182522,1,1,8,1
b52bfb27-345f-4add-bfc3-1b6fc67ab55b,Acidulous Brewing Company,contract,Littleton,Colorado,United States,39.5383949,-105.1059543,0,1,25,3
7fa5779e-88df-42ab-895b-412b635498ae,Acopon Brewing Co,micro,Dripping Springs,Texas,United States,30.19269957,-98.09006208,1,1,17,3
1a6206ad-e34b-421d-92d9-ba409cfedf82,Acorn Brewing,micro,Edgewood,Washington,United States,47.23859752,-122.2934912,1,1,13,2
2fe1e670-d832-4ba5-b957-f86a09ee062d,Acoustic Ales Brewing Experiment,closed,San Diego,California,United States,32.74219079,-117.1840465,1,1,32,4
ea7f7091-5e37-4762-bbcc-9a51702c99c1,"Actual Brewing Company, LLC",micro,Columbus,Ohio,United States,39.9868523,-82.9080986,1,1,27,4
22e2b160-6470-4a9a-a375-80f4db7fe0c8,Ad Lib,closed,Christchurch,Canterbury Region,New Zealand,-43.5339702,172.6339697,1,1,6,2
d1142d5b-e9e8-47bd-b3a8-3ce42c22ddda,Adam-Bräu,brewpub,Bodenmais,Bayern,Germany,49.0697222,13.1022222,1,1,9,1
0d0f85e7-bc2d-44fc-bf27-4f14e5d6136a,Adam's Northwest Bistro / Twin Rivers Brewing,closed,Monroe,Washington,United States,47.85588471,-121.970887,1,1,45,7
9ff5f718-dee7-4e69-b79c-6250de87e840,Adelbert's Brewery LLC,micro,Austin,Texas,United States,30.3826286,-97.7201589,1,1,22,3
a180c4e0-77cc-4088-951c-62192abd99d4,Adirondack Pub and Brewery,micro,Lake George,New York,United States,43.41850655,-73.71407763,1,1,26,4
1b7f0552-3b1a-4737-8cb4-eb8d7134d903,Adirondack Toboggan Company Microbrewery,micro,Gouverneur,New York,United States,44.33237311,-75.47489238,1,1,40,4
7f104ccf-6720-48ff-a2cf-5c05dd88aaf1,Adler,brewpub,Wiernsheim,Baden-Württemberg,Germany,48.8879519,8.8511433,1,1,5,1
9e48e89b-22b3-44d9-a0b9-eab4f611009f,Adler Bräu,brewpub,Stettfeld,Bayern,Germany,49.9693024,10.7209419,1,0,10,2
5b99dc11-165e-4cf0-873d-1a7bd1ded0a9,Adler-Bräu,brewpub,Oberstadion,Baden-Württemberg,Germany,48.1795445,9.724819,1,1,10,1
1b7ff36c-d91b-4f04-9ee0-48622eac5aa9,Adlerbrauerei,brewpub,Erbach,Baden-Württemberg,Germany,48.3026079,9.9002002,1,1,13,1
f83d4bed-0760-4802-900e-c2ed6e874968,Adlerbrauerei Schmetzer,brewpub,Wallhausen,Baden-Württemberg,Germany,49.2347,10.11867,1,1,23,2
49e805d3-70e3-4c21-81d6-d21e290ffefe,AdMerk Corp. Inc.,contract,Washington,District of Columbia,United States,38.89742205,-77.0094205,1,1,17,3
2861f9b7-ebe4-49a5-a047-8aa0c142dbf3,Adobe Creek Brewing Company,micro,Novato,California,United States,38.07349982,-122.5358157,1,1,27,4
a0111777-1fe6-4c8c-864e-c2518f5d5670,Adroit Theory Brewing Company,micro,Purcellville,Virginia,United States,41.5082102,-85.5378194,1,1,29,4
ef2e3826-f9b5-44d2-b901-331aa728a8cd,Adur Brewery,micro,Steyning,West Sussex,England,50.893624,-0.340173,1,1,12,2
73e05bc6-30a9-42f5-917e-08def2fa33fa,Adventure Brewing Co,micro,Fredericksburg,Virginia,United States,41.5082102,-85.5378194,1,1,20,3
d4661358-81e2-454d-9fe2-b08ef6fc16fe,Adventure South,brewpub,Fredericksburg,Virginia,United States,41.5082102,-85.5378194,1,1,15,2
82b967b9-3808-4716-9a51-58f80cd038c6,Aegir Project Brewery,brewpub,Cape Town,Western Cape,South Africa,-34.1035,18.3582,1,1,21,3
e77c24b4-8b21-4d28-a9c0-568623b77cd9,Aero Craft Brewing,planning,Denver,Colorado,United States,39.7391428,-104.984696,1,1,18,3
6f0bba92-cc4b-49df-ad02-827b08bd7272,Aero Plains Brewing,micro,Wichita,Kansas,United States,37.68455054,-97.35071131,1,1,19,3
59b8c8b8-6850-4b24-81f0-a16a9cd87773,Aeronaut Brewing Company,micro,Somerville,Massachusetts,United States,42.3819723,-71.1062676,1,1,24,3
ae6f8bbe-8968-467b-9747-89797ebf2b55,Aerts,micro,Bruxelles,Brussels Capital Region,Belgium,50.852757,4.341909,1,0,5,1
2d26c5df-aa29-4c3b-9d56-5a83d5102f41,Aether Brewing,micro,Northgate,QLD,Australia,-27.3932924,153.0708268,1,1,14,2
c0141e60-805d-4add-be50-1a16498a20b3,Affligem - De Smedt (Heineken),closed,Opwijk,Vlaanderen,Belgium,50.9707,4.1905608,1,0,30,5
2af98c75-bbe2-4496-a2c7-aaa8d03d0fab,Affligem (Heineken),closed,Opwijk,Vlaanderen,Belgium,50.971258,4.190268,1,0,19,2
580dba92-5b7a-4e6c-9129-ac5621c90ecd,Afro Caribbean Brewing Company,brewpub,Cape Town,Western Cape,South Africa,-33.9372,18.4705,1,1,30,4
333c81a4-9bcd-4699-b28a-2c49dd696596,Aftershock Brewing Co,micro,Temecula,California,United States,33.49310382,-117.1485306,1,1,21,3
c185b848-a69a-4d73-8a33-7b6f0db2e3fc,Afterthought Brewing Company,micro,Lombard,Illinois,United States,41.90549742,-88.02234574,1,1,28,3
1844257e-dab7-421d-9a9e-f594a3943b2f,Against the Grain Beer Garden,planning,Louisville,Kentucky,United States,41.5082102,-85.5378194,0,0,29,5
3d00e6db-0f45-43a5-add5-b9455edfdccb,Against the Grain Brewery,micro,Louisville,Kentucky,United States,38.2554568,-85.7440377,1,1,25,4
68855f86-415a-44e9-a0ab-53e6c8b10a3d,Against the Grain Production Facility,micro,Louisville,Kentucky,United States,38.2658758,-85.7767241,0,0,37,5
5ad38209-903f-4200-946e-ae435947252e,Agar’s Brewery,micro,Centurion,Gauteng,South Africa,-25.9189,28.1256,1,1,14,2
85c7bc77-387c-449f-8091-6c694b35077c,Agonic Brewing Company LLC,planning,Rice Lake,Wisconsin,United States,45.502184424793,-91.732284415498,1,1,26,4
f1ed5260-13cb-4f22-a4ac-0e1f7f676a12,"Agrarian Ales, LLC",closed,Eugene,Oregon,United States,44.18922784,-123.1277712,1,1,18,3
685be3dc-20b8-434d-880c-d7aabac5bfc0,Ahnapee Brewery,micro,Algoma,Wisconsin,United States,44.607613658885,-87.436453944363,1,1,15,2
b4896cfc-4731-4bc7-8794-d2d6650f7fe2,Aichinger,brewpub,Heiligenstadt in Oberfranken,Bayern,Germany,49.8637819,11.1704687,0,1,9,1
b9f4f532-15df-4a50-b15e-e5cd5d41977b,Aigean Ales,closed,Manchester,New Hampshire,United States,42.9899594,-71.46899187,0,1,11,2
dfec4bba-cfbc-4562-b6be-f0563f51821a,Aiken Brewing Co,brewpub,Aiken,South Carolina,United States,33.5603084,-81.7228141,1,1,16,3
4feeca61-265e-4195-9234-75f78693fd14,Airbräu,brewpub,Oberding,Bayern,Germany,48.3540889,11.7873402,1,1,7,1
f4c592ed-4c20-4b87-bb35-64f894a6cc6b,Airline Brewing Company,micro,Amherst,Maine,United States,44.8329462,-68.3677435,1,1,23,3
9737bf0c-b29e-49d7-9778-3951072eb147,Airways Brewing Co,closed,Kent,Washington,United States,47.4119802,-122.2391026,1,1,18,3
d9578437-2aa8-45ab-97f2-cf6f7074d9af,Airways Brewing Co. Bistro & Beer Garden,closed,Kent,Washington,United States,47.382498,-122.235649,1,1,40,7
828ee507-7142-4c7c-9f0b-82964d4195d0,Akademia Brewing Company,brewpub,Athens,Georgia,United States,33.94270289,-83.47153754,1,1,24,3
f767a00f-fbd9-4d31-abe6-902149c0158a,Akasha Brewing Company,micro,Louisville,Kentucky,United States,41.5082102,-85.5378194,1,1,22,3
645a43c4-74b2-47e5-a795-f2b0f678df52,Akasha Brewing Company,micro,Five Dock,NSW,Australia,-33.8697751,151.1182256,1,1,22,3
d4f4e76b-b971-4dcb-8a9b-d6c36a3e8c22,Akronym Brewing LLC,micro,Akron,Ohio,United States,41.08512193,-81.51645882,1,1,19,3
64d12e0f-0abc-41ce-96c2-cd45b04d35e4,Aktienbrauerei,brewpub,Kaufbeuren,Bayern,Germany,47.87814,10.61612,1,1,14,1
a4c08e73-ecff-4fe1-9911-edb865e75229,Aktionsbrauerei Dähne,brewpub,Herne,Nordrhein-Westfalen,Germany,51.5477902,7.2226981,1,1,21,2
06ac0316-a30f-40c6-acb7-c08fea0c30b1,Akwesasne Mohawk Casino Resort,planning,Akwesasne,New York,United States,41.5082102,-85.5378194,1,1,30,4
39e91766-af3e-4074-9d49-26ca621e45dc,Al. Ringling Brewing Co,micro,Baraboo,Wisconsin,United States,43.471751392447,-89.744831773235,1,1,23,4
b7db853a-e8aa-430f-84c8-d49b72184d01,Alameda Brewing Co,micro,Portland,Oregon,United States,45.48882655,-122.6412495,0,1,18,3
07ad4030-fb5b-4eb7-9b28-d7f5556b145d,Alameda Brewing Co,micro,Portland,Oregon,United States,45.54849565,-122.6136209,1,1,18,3
6fbd1118-ceea-4be9-a784-45dd623f16f0,Alameda Island Brewing Company,micro,Alameda,California,United States,37.76833631,-122.2394506,1,1,30,4
edf1c0fb-cce0-44ec-8d98-dd4778e2d533,Alamo Beer Co,micro,San Antonio,Texas,United States,29.42902321,-98.4771638,1,1,13,3
4f79f427-8214-4048-8636-63cef96b33da,Alarmist Brewing Co,micro,Chicago,Illinois,United States,41.5082102,-85.5378194,1,1,19,3
aa3c4d60-4fb2-49e2-980c-6a61672d90cb,Alaro Craft Brewery,brewpub,Sacramento,California,United States,38.57323961,-121.4811835,1,1,19,3
d065903f-f9fc-4e4c-a64d-9b69905431b5,Alaskan Brewing Co.,regional,Juneau,Alaska,United States,58.35681231,-134.4918763,1,1,19,3
49f94bf3-f861-4b9f-b773-9c43f0070ed1,Albertshöfer Sternbräu,brewpub,Albertshofen,Bayern,Germany,49.77149,10.15941,1,1,22,2
d188560a-fd0d-4a44-9e4b-11aab9db8205,Albia Brewing Co,brewpub,Albia,Iowa,United States,41.02718903,-92.8073711,1,1,16,3
4c8a98d1-1012-4814-82a5-20c68b131442,Albion Malleable Brewing Company,brewpub,Albion,Michigan,United States,42.2423188,-84.7532755,1,1,32,4
26147e1c-c0f7-40ae-8572-df23afe8e266,Albquell Bräuhaus,brewpub,Trochtelfingen,Baden-Württemberg,Germany,48.3081319,9.2455955,1,1,17,2
943f1201-9c0d-4717-95e3-0756a906f527,Albright Grove Brewing Company,planning,Townsend,Tennessee,United States,41.5082102,-85.5378194,0,1,30,4
ec26cd9a-540f-4f23-b030-670115eed645,Alcatraz Brewing,micro,Palm Coast,Florida,United States,29.61781196,-81.19287028,1,1,16,2
b1f7a6c5-a4e0-477b-a380-17f8a0120e2d,"Alcazar Brewery, LLC.",planning,Rio Grande City,Texas,United States,41.5082102,-85.5378194,0,0,21,3
091edbcc-f9fc-484e-9c04-c18ed505e2ac,Alchemist Cannery,regional,Stowe,Vermont,United States,41.5082102,-85.5378194,1,1,17,2
5958cbc2-f9d9-4bc3-9b9a-7469ce2d84d9,Aldersbacher,brewpub,Aldersbach,Bayern,Germany,48.5873322,13.0848087,1,1,12,1
8135f18c-0c31-4b4d-bb22-84eccf498e9c,Aldus Brewing Company,micro,Hanover,Pennsylvania,United States,39.79422185,-76.98030009,1,1,21,3
c812aa3f-208b-49e2-a1e6-96cae8943605,Ale Asylum,regional,Madison,Wisconsin,United States,43.12046815,-89.35416285,1,1,10,2
e51921d1-17c2-4f4d-93b4-d88fe56c27de,Ale House,brewpub,Potchefstroom,North West,South Africa,-26.7118,27.0911,1,1,9,2
e13a5403-3cd7-4dbf-92f1-e48d0f26c750,Ale House Brewing Co,micro,San Jose,California,United States,37.3361905,-121.8905833,0,1,20,4
13f19f47-cac4-44df-b4f3-728e4dcde6c5,Ale Industries,micro,Oakland,California,United States,37.7761111,-122.2281897,1,1,14,2
afeb4f72-555d-4169-8e3c-c3291b197db9,Ale Mania,brewpub,Bonn,Nordrhein-Westfalen,Germany,50.7414074,7.1557662,1,1,9,2
e9f93b6a-72c5-4e40-9511-705480434310,Ale Mary Brewing Co.,micro,Fyshwick,ACT,Australia,-35.32352,149.173169,1,1,20,4
148e8fb4-4977-4ba8-8fa6-1133a56198d4,Ale Republic,micro,Cedar Crest,New Mexico,United States,41.5082102,-85.5378194,1,1,12,2
797c9175-fb51-44d3-ad4b-d46b42367fdc,Ale Spike,closed,Stanwood,Washington,United States,41.5082102,-85.5378194,1,0,9,2
ea06694a-32f8-4026-b22e-aeb880848b4d,Ale Spike Brewery,micro,Camano Island,Washington,United States,48.25785496,-122.4381311,1,1,17,3
d678c1a4-713e-483e-8c60-c891d5cf043e,Alefarm Brewing,micro,Hawthorn,VIC,Australia,-37.8289324,145.0346325,1,1,15,2
1170049c-c20d-43c8-9475-0a42599f144c,Aleman Brewing,micro,Chicago,Illinois,United States,41.94087994,-87.74301213,1,1,14,2
f1e3ff3e-078c-46c3-85ae-62f86d3a3a21,Alematic Artisan Ales,planning,Huber Heights,Ohio,United States,41.5082102,-85.5378194,1,1,21,3
e24e7630-6027-4f49-b85f-f4724aa749f9,Alen-Bruyninckx En Zonen,micro,Kortenaken,Vlaanderen,Belgium,50.9122746,5.0621753,1,1,24,3
31746e2a-3704-458f-8235-437f53d5afe1,Alesatian Brewing Co.,brewpub,Winchester,Virginia,United States,39.18446446,-78.16559208,1,1,21,3
f8097dbc-c8e6-4068-9540-5c4bd4ac0bcf,AleSmith Brewing Co,regional,San Diego,California,United States,32.88858458,-117.1495496,1,1,19,3
40093c50-b89d-443f-9ac7-b24a000d8f48,Alesong Brewing and Blending,micro,Eugene,Oregon,United States,43.85285684,-123.2384193,1,1,28,4
f15f6ebf-0d80-4e6b-ad38-fb0ca9f3d3ed,Alesong Brewing and Tasting Room,micro,Eugene,Oregon,United States,43.85285684,-123.2384193,1,1,32,5
e4148f94-4ce9-4fd2-9b05-faabdcca2b09,Alewerks Brewing Company,micro,Williamsburg,Virginia,United States,41.5082102,-85.5378194,1,1,24,3
ed3ea3ae-04d3-4356-ab96-a74514992a50,Alewife Brewing Company,brewpub,Long Island City,New York,United States,40.74232214,-73.95625257,1,1,23,3
5860a6e0-1bf6-4334-8797-e5668fc22db0,Alexandria Brewing Company,micro,Alexandria,Kentucky,United States,41.5082102,-85.5378194,1,1,26,3
9da0a260-5b85-4490-824a-a397446c17dc,Algarve Rock Brewery,micro,Faro,Faro,Portugal,37.065600871444,-7.9729562079031,1,1,20,3
083b7953-133d-453f-ada0-2b3541d1931c,Alibi Ale Works,micro,Incline Village,Nevada,United States,39.24819328,-119.9537117,1,1,15,3
45a2116d-d9d2-4114-b15f-736d9557f00c,Alice Springs Brewing Co.,micro,Ross,NT,Australia,-23.732893,133.867253,1,1,25,4
e1f999c9-3012-41ab-869b-767125e19b7f,Alien Brewpub,brewpub,Albuquerque,New Mexico,United States,41.5082102,-85.5378194,1,1,13,2
68b447a3-c65c-459f-8d02-334757bc6f71,Align Brewing Co,micro,San Diego,California,United States,32.896584,-117.137429,1,0,16,3
9437ff36-f77f-4fe1-ae02-8324a0d14945,Alken-Maes,large,Alken,Vlaanderen,Belgium,50.877827,5.305875,1,1,10,1
e36f9132-3c0b-41d4-b074-b54286d6a9a8,All Inn Brewing Co.,micro,Banyo,QLD,Australia,-27.3668382,153.0799698,1,1,19,4
3739eb53-8291-42e1-894c-7989ed872f2d,All or Nothing Brewhouse,brewpub,Oakville,Ontario,Canada,41.5082102,-85.5378194,1,0,24,4
108b8592-3098-42a3-b466-5c60e2e626af,All Rise Brewing Co,brewpub,Chicago,Illinois,United States,41.8864021,-87.6667328,1,1,19,4
61853d49-62af-44bc-b0f7-bbc0faa89d30,All Saints Brewing Co,micro,Greensburg,Pennsylvania,United States,41.5082102,-85.5378194,1,1,21,4
82ea8f08-2026-43f8-b1a7-cc57ebe8c0bb,All-American Ale Works,micro,Anaheim,California,United States,33.85925032,-117.8056915,1,1,22,3
8a7a2bc0-0f42-4889-94ef-7f8f647268fa,Allagash Brewing Co,regional,Portland,Maine,United States,43.7030951,-70.3179518,1,1,19,3
0924f3af-e548-446b-baf8-687ea51b02ae,Allegheny City Brewing,micro,Pittsburgh,Pennsylvania,United States,40.45424933,-80.00061073,1,1,22,3
9b4f31d5-61b4-46ed-b501-6acc4d428666,Allegory Brewing,micro,McMinnville,Oregon,United States,45.21081917,-123.1917806,1,1,16,2
3f583ab8-71bf-4009-9257-193ef53a1fe1,Allentown Brew Works,brewpub,Allentown,Pennsylvania,United States,40.6060468,-75.4575021,1,1,20,3
cfa61f1d-4b3b-4fb1-a35a-f1fe25411e7c,Allersheim,closed,Holzminden,Niedersachsen,Germany,51.8424352,9.4794014,1,1,10,1
95a483ca-d13c-4e78-bfd6-658149d2e874,Alles Elbe,closed,Hamburg,Hamburg,Germany,53.5531382,9.9626793,1,1,10,2
328d8ab7-c82a-44c6-b252-e6d85e39b14c,Allgäuer Brauhaus,brewpub,Marktoberdorf,Bayern,Germany,47.7496109,10.5679674,1,1,17,2
9c3b028c-2949-4216-ba66-fbb098734cde,Alliance Brewing Company,micro,Knoxville,Tennessee,United States,35.9593516,-83.9035469,1,1,24,3
454df518-8ed7-4570-9588-4a8cfdf9b923,Allies,micro,Thuin,Région wallonne,Belgium,50.3604713,4.282841,1,0,6,1
10795316-cc0d-42d7-80c7-e237aae40a06,Alligator Brewing / Tall Paul's Brewhouse,micro,Gainesville,Florida,United States,29.6502615,-82.3222523,0,1,41,6
1b259770-4334-44ad-be18-8097be571df6,Alloy Brewing Company,micro,Coon Rapids,Minnesota,United States,45.16953614,-93.33543497,1,1,21,3
6889b781-b8f6-4a5a-a1ef-ab3e4c72aed9,Alltech's Lexington Brewing,regional,Lexington,Kentucky,United States,38.04950651,-84.51599645,1,1,27,3
6e103afb-f4ad-4fea-bf67-b31d390c269d,Alluvial Brewing Company,micro,Ames,Iowa,United States,41.5831617,-93.6370387,1,1,24,3
4d43c467-2e30-4b93-a25c-d1e46998dc07,Alma Brewing Co,brewpub,Alma,Michigan,United States,43.37888808,-84.6588719,1,1,15,3
085c97d4-5a01-4e28-a1c6-683bf773b062,Alma Mader Brewing,micro,Kansas City,Missouri,United States,39.082495,-94.599389,1,1,18,3
9a6f84d7-194b-426d-999f-c1be9beb835d,Almanac Beer Company,micro,Alameda,California,United States,37.78344977,-122.3062832,1,1,20,3
fc0ae4ac-07b5-4df2-a1d2-0785af183a35,Almost Famous Brewing Company,closed,East Granby,Connecticut,United States,41.9581654,-72.4224674,1,1,29,4
cc1c18dc-77d7-4ca5-b3b7-8180f77feecd,Aloha Beer Co,brewpub,Honolulu,Hawaii,United States,21.301249,-157.857248,1,1,13,3
b3bea277-345d-4154-9a79-1c9364ee0172,Aloha Sea Sports Centre,other,Singapore,Singapore,Singapore,1.306439441491,103.934847,1,1,23,4
30ef2457-11c4-48ef-ae58-37109ceda4c7,Alosta Brewing Co,micro,Covina,California,United States,34.10365026,-117.8781466,1,1,17,3
abe71cdf-8c92-4be2-adac-902d1a14e7bb,Alpenglow Beer Co,contract,Lafayette,California,United States,37.8857582,-122.1180201,1,0,17,3
dc9fb80b-fb92-47c2-8b13-9a6f6990f99e,Alpha Acid Brewing Co,micro,Belmont,California,United States,37.52125155,-122.2655717,0,1,21,4
0edb8050-2911-4a04-a99a-7927e05cd018,Alpha Brewing Co.,micro,Saint Louis,Missouri,United States,38.59861817,-90.26236838,1,1,17,3
810e0e7c-293a-4e3e-a557-13691d30d399,Alphabet City Brewing Co,contract,New York,New York,United States,41.5082102,-85.5378194,1,1,24,4
632eb7c1-e7ef-4b2e-b5ae-b7f140ff0c7c,Alpine Ale Works,micro,Queenstown,Otago Region,New Zealand,-45.01799,168.715947,1,1,16,3
1d7c2273-8031-40d2-bb50-7f518722e291,Alpine Beer Company,brewpub,San Diego,California,United States,32.9167796,-117.113975,1,1,19,3
d8dd6a64-c201-471f-a0a1-0fc8d04b5b49,Alpine Brewing Co,closed,Oroville,Washington,United States,48.9365877,-119.4305306,1,1,17,3
9d64f11c-4f42-41c6-8ba7-768f7bf9ec13,Alpine Dog Brewing Co,micro,Denver,Colorado,United States,41.5082102,-85.5378194,1,1,21,4
3345a490-cc70-449e-b037-939398bd0f25,Alpirsbacher Klosterbräu,brewpub,Alpirsbach,Baden-Württemberg,Germany,48.34566,8.40305,1,1,24,2
ddae7cb2-84c9-44f0-bbab-93781b5cf837,Alsfelder,brewpub,Lauterbach (Hessen),Hessen,Germany,50.6390531,9.3926513,1,1,9,1
98939b4a-14d7-4427-a99e-3d686784abca,Alt,brewpub,Leutenbach,Bayern,Germany,49.7108499,11.1728824,1,1,3,1
8e69dcd6-de4f-41b5-a9be-cc35844fb273,ALT Brew / Greenview Brewing LLC,brewpub,Madison,Wisconsin,United States,43.12576305,-89.33026,1,1,32,6
df78986a-9a20-4a4b-a718-26698af122d6,Alt Neuhaus,brewpub,Neuhaus (Oste),Niedersachsen,Germany,53.8014793,9.0347318,1,1,11,2
0474f95d-9e16-4b45-b789-93827fcc13c2,Alt Oberurseler Brauhaus,brewpub,Oberursel (Taunus),Hessen,Germany,50.202898,8.578921,1,1,24,3
36ee96e3-cb87-460b-bbb8-2c2a3c33b28a,Alt-Giessen,micro,Giessen,Hesse,Germany,41.5082102,-85.5378194,1,0,11,1
728f9750-1c56-48be-9f96-b26d04215958,Alta Brewing Company,micro,San Diego,California,United States,32.7018758,-117.1414712,1,1,20,3
ce487823-fb0a-4ad9-b3de-2f2ec4ce0631,Altamont Beer Works,micro,Livermore,California,United States,37.67839114,-121.7210974,1,1,19,3
7c5ca24c-37df-43db-859f-ac5831866aef,Alte Brauerei / Zapfbräu,brewpub,Uettingen,Bayern,Germany,49.7941875,9.7296212,1,1,24,4
f14b5ab3-92fc-487f-9869-07b1c8db5bf7,Alte Brauerei Stegen,brewpub,Inning am Ammersee,Bayern,Germany,48.0762625,11.1386516,1,1,20,3
ad3a2f17-d7a8-432a-91c0-1ff29b4398fd,Alte Feuerwache,brewpub,Idstein,Hessen,Germany,50.2218602,8.2680809,1,1,15,2
0e8bc17d-a0f8-4cd8-b207-eeb0fe369d01,Alte Ölmühle / Herz-Bräu,brewpub,Wittenberge,Brandenburg,Germany,52.9906349,11.7593927,1,1,24,4
ddd11477-dab1-4aae-a129-5b1a6248c3a9,Alte Werkstatt,brewpub,Weingarten (Baden),Baden-Württemberg,Germany,49.0533742,8.5313723,1,1,14,2
1c5e34bb-a0bb-4342-a964-a65f7b19ccca,Altenauer Brauerei,brewpub,Altenau im Harz,Niedersachsen,Germany,51.8008784,10.4481894,1,1,18,2
783328ef-b388-445a-bb53-9b66c6f132f8,Altenburger,brewpub,Altenburg,Thüringen,Germany,51.0006734,12.4368298,1,1,11,1
7bb77ea1-fc74-4689-bf5e-0ee1e39c244b,Altenrüthener Landbierbrauerei,closed,Rüthen,Nordrhein-Westfalen,Germany,51.4974846,8.407061,1,1,30,2
6df21f70-1f25-460c-956a-f98a9576d82c,Alter Bahnhof,brewpub,Malsch,Baden-Württemberg,Germany,48.8894444,8.3238889,1,1,13,2
c7009224-b9ce-44d0-b426-cd0a1e95d6f9,Alter Brewing + Kitchen,micro,Saint Charles,Illinois,United States,41.913143276343,-88.313937317989,1,1,23,4
0026ad13-246b-4091-b344-641934ef7cc3,Alter Brewing Company,micro,Downers Grove,Illinois,United States,41.5082102,-85.5378194,1,1,21,3
444584ea-a619-4144-9b6a-b71b33ad2447,Alter Elbehof,brewpub,Torgau,Sachsen,Germany,51.5527191,13.0336437,1,1,13,2
6dcf0b1b-3933-4207-bf88-0a37ee98994a,Alternation Brewing Company,micro,Denver,Colorado,United States,39.68866374,-104.9876117,1,1,27,3
e25f3ee3-987d-4305-a595-56a957116658,Altes Brauhaus,brewpub,Wolfsburg,Niedersachsen,Germany,52.4166626,10.7172676,1,1,14,2
bc5800fb-993e-4abd-a8a4-29b62a9794c5,Altitude,micro,Queenstown,Otago Region,New Zealand,-45.01799,168.715947,1,1,8,1
b71c080f-8514-4100-bbb3-40d2582b8122,Altitude Chophouse and Brewery,brewpub,Laramie,Wyoming,United States,41.31038565,-105.5953366,1,1,30,4
be64e523-9c15-4348-87e5-c6747b87abcb,Altmeyer and Lewis Brewing Company,micro,San Marcos,Texas,United States,41.5082102,-85.5378194,1,1,34,5
c1e6f260-1f52-4e38-bc14-ae58fdb7bb14,Altruist Brewing Company,brewpub,Sturbridge,Massachusetts,United States,41.5082102,-85.5378194,1,1,24,3
68410dce-b145-4c0a-993f-08fc280cc9c8,Altstadt Brewery,micro,Fredericksburg,Texas,United States,30.2468574,-98.8467263,1,1,16,2
773770b1-b840-45c1-8bff-487ac7268d25,Altstadthof,brewpub,Nürnberg,Bayern,Germany,49.4570626,11.0748976,1,1,11,1
7d0a71c4-cec0-431b-be2f-d125a9b9a44b,Alvarado Street Brewery,micro,Salinas,California,United States,36.64880356,-121.6305329,0,0,23,3
08bf17d8-5f8f-40bc-88cb-5661f0791b35,Alvarado Street Brewery & Grill,brewpub,Monterey,California,United States,36.59857755,-121.8946096,0,1,31,5
15ccd19e-e5bc-4216-939f-3d3348fb6d5c,Alvarium Beer Company,micro,New Britain,Connecticut,United States,41.6642131,-72.7575129,1,1,21,3
5f49e25d-e936-4b8e-b7b9-9894658035f9,Alvinne,micro,Zwevegem,Vlaanderen,Belgium,50.7704562,3.3909429,1,1,7,1
a649a8d5-f59e-4007-bf75-e1609ef76467,Amador Brewing Company,micro,Plymouth,California,United States,38.4808723,-120.849271,1,1,22,3
b3b2c0e1-84a4-4412-a6a9-1b4825d1edfb,Amai,micro,Lommel,Vlaanderen,Belgium,51.2363486,5.3508043,1,1,4,1
1a6103ad-023a-4710-988f-17e47a6732c2,Amalgam Brewing,other,Denver,Colorado,United States,41.5082102,-85.5378194,1,0,15,2
97ea0a56-c25b-45ab-afaa-ff0b37d68de5,Amani Brewing,brewpub,Martinsburg,West Virginia,United States,39.5332966,-77.949602,1,1,13,2
5306cc0f-35c0-4168-b49b-ea965437dc8e,Ambacht Brewing,micro,Hillsboro,Oregon,United States,45.53275124,-122.9564737,1,1,15,2
c33a8963-8d53-45be-ade3-5f8cbf08d3e7,Ambachtelijke Vechtdal Brouwerij,micro,Dalfsen,Overijssel,Netherlands,52.5061472,6.2628498,1,1,32,3
5fffcb8c-fbca-4633-8ef4-7bfd7dd6d473,Amber Lantern Brewing Company,brewpub,Warsaw,New York,United States,42.7408423,-78.132363,1,1,29,4
a580bbc1-343c-4213-968d-6f332755f739,Ambitious Ales,planning,Long Beach,California,United States,33.78538945,-118.1580493,1,1,14,2
ef19c7ac-4313-4b3a-80bd-890f59ece1ea,Ambräusianum,brewpub,Bamberg,Bayern,Germany,49.891758,10.884593,1,1,12,1
f02ee574-d02d-486f-8d2e-851ad54b25ab,Amelia Island Brewing Company,brewpub,Fernandina Beach,Florida,United States,30.67106045,-81.46236272,1,1,29,4
5e4e7f13-1e56-4715-b575-37522b595062,American Badass Beer,contract,Detroit,Michigan,United States,41.5082102,-85.5378194,1,0,20,3
2b3bdfe8-47fd-4105-939e-57c9864e83b4,American Brewers Inc,micro,Kalamazoo,Michigan,United States,42.26671998,-85.5378194,1,1,20,3
29c900c4-16b4-45ef-b688-061ed0fe8bd4,American Brewing Company,closed,Edmonds,Washington,United States,41.5082102,-85.5378194,1,1,24,3
538f360a-f2b7-48fc-aa66-3ed35af0f62e,American Harvest Brewpub At Schoolcraft College,brewpub,Livonia,Michigan,United States,42.419317,-83.42868497,1,1,47,6
4c92654b-a82a-4a9a-8c3f-fc03886a0be7,American Honor Beer Co,contract,Wilkes Barre,Pennsylvania,United States,41.254896,-75.859363,1,0,22,4
6ec8cb60-72f6-4c30-af4b-3e59e736b3fc,American Icon Brewery,brewpub,Vero Beach,Florida,United States,27.63674361,-80.3955067,1,1,21,3
f6350f89-c5df-4969-81b2-358b6e8e6ed0,American Solera,micro,Tulsa,Oklahoma,United States,36.1518928,-95.9667403,1,1,15,2
045441f8-1882-4960-9e4d-0a32d24625e6,Americana Brewery,planning,Fort Lauderdale,Florida,United States,41.5082102,-85.5378194,0,0,17,2
32dd19c9-33b8-4ed5-b5f0-1fb5f5d8ad02,Amerisports Brew Pub,brewpub,Kansas City,Missouri,United States,39.150682,-94.484526,1,1,20,3
9bd199ef-1796-410e-abaa-1a4c9da3a1ca,Amery Ale Works,micro,Amery,Wisconsin,United States,45.293806062122,-92.396797834543,1,1,15,3
aacf9c9e-ec62-43b9-bcaa-877d54ffce8b,Ametsbichler,brewpub,Aschau am Inn,Bayern,Germany,48.1980556,12.3505556,1,1,12,1
fb1c5883-f652-4375-b887-a424584d0d9d,Amherst Brewing Co / Hangar Pub and Grill,brewpub,Amherst,Massachusetts,United States,42.3728635,-72.5318418,1,1,41,8
7fe7f410-f9f7-4eed-a402-648d3651e910,Ammergauer Maxbräu,brewpub,Oberammergau,Bayern,Germany,47.5953971,11.066696,1,1,18,2
f4e14ed9-3db6-4829-a08f-3f964717e489,Ammo Brewing,micro,Petersburg,Virginia,United States,37.230765,-77.407177,1,1,12,2
f330bf2b-e342-4265-b41f-59d8ebf8bba7,Amorphic Beer,micro,Milwaukee,Wisconsin,United States,43.08422407407,-87.900978500235,1,1,13,2
be80d6fe-27bc-4b12-a046-e7fc8fd947b6,Amorys Tomb Brewing Co,micro,Maynard,Massachusetts,United States,42.43203845,-71.45315644,1,1,22,4
fd0d376e-1c1d-48ce-ba6f-897298c20b85,Amplified Ale Works,brewpub,San Diego,California,United States,32.7719729,-117.2511178,1,1,19,3
c3f5bb6a-c7f4-45a9-829c-3978625f111e,Amplified Ale Works Miramar Studio,brewpub,San Diego,California,United States,32.88687598,-117.1570695,1,1,34,5
1bfbea82-92f0-4a1e-84a4-22ac478419ec,Amstel Brewery,large,Amsterdam,Noord-Holland,Netherlands,52.3666908,4.9264253,1,1,14,2
3502ea97-053f-48b4-a0f8-bda50f63f11c,Amsterdam Barrel House,brewpub,Toronto,Ontario,Canada,43.706078,-79.3614605,1,1,22,3
75c3d25e-3af4-4275-8195-0027095e8bfb,Amsterdam Brewery,brewpub,Toronto,Ontario,Canada,43.7065237,-79.3569392,1,1,17,2
0ca77251-a864-4c0b-b4f1-dbca8de2dc8a,Amsterdam Brewhouse,brewpub,Toronto,Ontario,Canada,43.6391154,-79.3854978,1,1,19,2
f99c834f-df7e-41e9-8236-ce0d25e43189,Anacapa Brewing Co,brewpub,Ventura,California,United States,34.28073347,-119.2935874,1,1,18,3
3447e49a-c978-471a-8c46-62244ca757b8,Anacortes Brewery/Rockfish Grill,brewpub,Anacortes,Washington,United States,48.51933431,-122.6126089,1,1,32,3
e6663203-a997-403b-b130-63dd975b00c6,Anaheim Brewery,micro,Anaheim,California,United States,33.8328226,-117.9125249,1,1,15,2
bdc1beb9-2832-4c44-aa63-289726c3a13f,Anawan Brewing Company,planning,Dighton,Massachusetts,United States,41.5082102,-85.5378194,1,1,22,3
126392f8-8260-4619-a561-ec20153c6779,Ancestry Brewery,brewpub,Tualatin,Oregon,United States,45.3711546,-122.7967838,1,1,16,2
83a97464-95b4-4dca-9b1c-80eedf59bca7,Anchor,closed,Wellington,Wellington Region,New Zealand,-41.2892342,174.7756195,1,1,6,1
25809e1c-0c76-498b-8a57-d6b85ff24c3c,Anchor Brewing Co,large,San Francisco,California,United States,37.7630772,-122.4011065,1,1,17,3
ce8f55f6-ba10-4d74-94c3-e26cc131f473,Anchorage Brewing Co,micro,Anchorage,Alaska,United States,61.1385311,-149.8893581,1,1,20,3
6c8aafd9-6e4a-4f1d-9dc0-a5e4cb710dce,Ancient City Brewing Co.,micro,Saint Augustine,Florida,United States,41.5082102,-85.5378194,1,1,24,4
032a363c-447b-495a-bfed-814201b877c0,Andean Brewing,micro,Blauvelt,New York,United States,41.5082102,-85.5378194,0,1,14,2
e7344bbe-edbd-45ed-9938-5dde5a6a55f7,Anders,micro,Halen,Vlaanderen,Belgium,50.9475244,5.105251,1,1,6,1
1d690623-2a47-4bb2-aecb-08f51a8ef390,Anders Browar,brewpub,Syców,dolnośląskie,Poland,51.3044034,17.7046519,0,0,13,2
20502436-b1ab-4f6a-9df4-36f465071947,Anderson Craft Ales,micro,London,Ontario,Canada,41.5082102,-85.5378194,1,0,19,3
55bbdf14-e891-4572-9ed2-9c6bf25edda9,Anderson Valley Brewing Co,regional,Boonville,California,United States,39.00141731,-123.3560542,1,1,26,4
6fad664c-ba6d-4ac1-be03-408cc65ab70a,Andina Brewing Company,closed,Vancouver,British Columbia,Canada,49.2833907,-123.0737942,0,0,22,3
bdf3e527-3362-46ec-829a-0804de5150a3,Andorfer,brewpub,Passau,Bayern,Germany,48.586244,13.453345,1,1,8,1
51bc8efd-7da5-437c-b95d-af24c8120ff9,Andreasbr,brewpub,Eggenstein-Leopoldshafen,Baden-Württemberg,Germany,49.0903862,8.3987069,1,1,9,1
adb4eef2-cd2f-4664-9912-c58890711b30,Andrews Brewing Co,micro,Lincolnville,Maine,United States,41.5082102,-85.5378194,0,1,18,3
bd12815b-aceb-485f-9070-e37b03bbcbb4,Andrews Brewing Co At Calaboose Cellars,micro,Andrews,North Carolina,United States,35.19958164,-83.81487799,1,1,39,6
be95afe2-de19-4b3b-8c83-a24ac9cd4aa7,Angel City Brewery,micro,Los Angeles,California,United States,34.04627065,-118.237715,1,1,18,3
a7e8257d-956d-46ca-81f4-33d1b6a13fc8,"Angelina Brewing Company, LLC.",planning,Lufkin,Texas,United States,41.5082102,-85.5378194,0,1,30,4
66f0b03a-d8b9-4b1b-8ff3-55fe85929e96,Angerik,micro,Dilbeek,Vlaanderen,Belgium,50.851567,4.247327,1,1,7,1
d4e376b6-3aad-46ae-ae8d-471791ae03f8,"Angry Chair Brewing, LLC.",micro,Tampa,Florida,United States,28.005127,-82.459381,1,1,25,4
67616802-40bf-435e-8824-598bbf20e054,Angry Erik Brewing,micro,Lafayette,New Jersey,United States,41.5082102,-85.5378194,1,1,18,3
8dc5e687-be97-44c3-ae27-9b0818d48471,Angry Fish Brewing Company,micro,Lexington,South Carolina,United States,41.5082102,-85.5378194,1,1,26,4
40ecc96b-6dea-4e6b-a8f0-55293970654b,Angry Hank's Microbrewery,micro,Billings,Montana,United States,45.78022173,-108.5076025,0,1,25,3
5d0bfbaa-e738-4d5b-a68e-5cfea2116197,Angry Horse Brewing,micro,Montebello,California,United States,34.0084152,-118.1003743,1,1,19,3
4f22a5e8-e8e0-471b-8070-888584fc446a,Angry Inch Brewing,micro,Lakeville,Minnesota,United States,44.6476022,-93.2432718,1,0,18,3
c9b30f6c-608f-4762-b041-c4c91e8aeba2,Angry James Brewing Co,micro,Silverthorne,Colorado,United States,39.63306895,-106.0764637,1,1,22,4
64b090eb-64c7-4dc2-9799-d0420b517169,Angry Minnow Brewery,brewpub,Hayward,Wisconsin,United States,46.0104853,-91.4887672,1,1,20,3
3929eda4-926c-46cd-ab20-cb5c9e6f7caf,Angry Scotsman Brewing,contract,Oklahoma City,Oklahoma,United States,35.4644206,-97.6002769,1,1,22,3
fa4da286-e9a3-4d00-ab49-8e5f027f76d5,Angry Troll Brewing / 222 Public House,brewpub,Elkin,North Carolina,United States,41.5082102,-85.5378194,1,1,38,7
d1a61260-d377-4e7d-8ce9-8851e30934ae,Anheuser-Busch InBev,large,Saint Louis,Missouri,United States,38.5954536,-90.2118998,1,1,20,2
baec5c2d-a983-49e0-beb9-ca55879d4139,Anheuser-Busch Inc - Baldwinsville,large,Baldwinsville,New York,United States,43.16510925,-76.31159343,0,1,34,4
6599a1de-d497-4e4f-bf3d-16d5065fefec,Anheuser-Busch Inc - Cartersville,large,Cartersville,Georgia,United States,41.5082102,-85.5378194,0,1,33,4
2360f91c-60cb-402c-ad58-3eb638859f4c,Anheuser-Busch Inc - Columbus,large,Columbus,Ohio,United States,40.102197,-82.99307,0,1,29,4
2f7efc38-d4fd-47fc-bc1e-4b506fb6e66c,Anheuser-Busch Inc - Fairfield,large,Fairfield,California,United States,38.2365838,-122.0902992,0,1,30,4
12bc86df-c66b-4fb9-9f84-5bb405ccb8b1,Anheuser-Busch Inc - Fort Collins,large,Fort Collins,Colorado,United States,40.61817811,-105.0019686,0,1,33,5
34dd23fd-b208-4a7b-b4d2-3488b20e618f,Anheuser-Busch Inc - Houston,large,Houston,Texas,United States,29.771858,-95.27130674,0,1,28,4
a7e9194f-28a7-4fb8-85fb-38ee669b66e6,Anheuser-Busch Inc - Jacksonville,large,Jacksonville,Florida,United States,30.4319552,-81.6481156,0,1,33,4
7d78f227-f2c5-4830-abb5-28a209de235d,Anheuser-Busch Inc - Los Angeles,large,Van Nuys,California,United States,34.2213918,-118.4721072,0,1,32,5
c1e8a479-5371-44bb-a952-b76b60997a9e,Anheuser-Busch Inc - Merrimack,large,Merrimack,New Hampshire,United States,42.8253635,-71.48598162,0,1,30,4
5486bf95-fcc8-4829-854f-2cc5779e7212,Anheuser-Busch Inc - Newark,large,Newark,New Jersey,United States,41.5082102,-85.5378194,1,1,27,4
277a6d32-7f94-4a94-ad41-ad7f4ce8ce1c,Anheuser-Busch Inc - Williamsburg,large,Williamsburg,Virginia,United States,37.2652889,-76.6798988,1,1,33,4
c498dd04-30b2-4f8f-b06b-c47a34dd61c7,Animas Brewing Co,brewpub,Durango,Colorado,United States,37.27997215,-107.8769912,1,1,17,3
9e16fd00-e490-47d0-a8ad-046a954bec87,Ankerbräu,brewpub,Steinach,Thüringen,Germany,50.4329505,11.1549309,1,1,9,1
236cb5e3-d827-453a-a3a4-5a4d59d87adf,Ankrolab Brewing Company,planning,Naples,Florida,United States,41.5082102,-85.5378194,1,1,24,3
b26623c7-5291-4492-b876-66c2d970c275,Another Round Brewing Co,closed,Pullman,Washington,United States,46.736755,-117.175392,1,1,24,4
fb3baa12-0eca-48f3-8138-d0856ca139be,Ant Brew,brewpub,Lahti,Päijät-Häme,Finland,60.9827,25.6521,1,1,8,2
f95b4c37-7d9c-4bcb-8958-31c352cd1cab,Anthem Brewing Co,micro,Oklahoma City,Oklahoma,United States,35.46099673,-97.5279236,1,1,17,3
9379b79b-63c2-4ce3-9605-f499f7915f7e,Antietam Brewery,micro,Hagerstown,Maryland,United States,39.6397845,-77.7609769,1,1,16,2
1c215e2f-7a58-46ce-88cc-241bd3d39482,Antiques on High,micro,Columbus,Ohio,United States,39.9476,-82.99774,1,1,16,3
f5df0c68-fc05-42ba-93a6-e0ee945db29c,Anton's,closed,Erkelenz,Nordrhein-Westfalen,Germany,51.0768089,6.3213419,1,1,7,1
c9efbd40-6ad1-4c60-9f94-4020464656ec,Antwerpse Brouw Compagnie,micro,Antwerpen,Vlaanderen,Belgium,51.234776,4.4107791,1,1,25,3
8872e200-c0d5-42ec-b228-4110cf2429dc,"Antwerpse Brouw Compagnie, Brouwerij & Taproom",micro,Antwerpen,Vlaanderen,Belgium,51.234776,4.4107791,1,1,46,6
516c104c-11fb-43d7-89cb-cf0a36236baf,Anvil Ale House,brewpub,Dullstroom,Mpumalanga,South Africa,-25.4223,30.1017,1,1,15,3
26a850f9-f796-427c-810d-84b4ae08dfbb,Anvil Brewing,brewpub,Pittsburg,Texas,United States,41.5082102,-85.5378194,1,1,13,2
625f2c38-c681-4d85-b4b6-2e5ee25d79a9,APE BREWING,brewpub,Osaka,Osaka,Japan,34.68696137,135.5076625,1,1,11,2
6d598adb-bca7-42d8-99b6-4f2074bc8aee,APEShip Brewing,micro,North Platte,Nebraska,United States,41.181566260787,-100.75354430575,1,1,15,2
e61dc891-91d8-4a0f-a55e-b5e34acc97fd,Apex Aleworks Brew And BBQ Supplies,micro,Independence,Missouri,United States,39.041039,-94.416872,1,1,35,6
e15991e7-755b-465a-9d39-0f850305e900,Apex Brewery,micro,Monroe,New York,United States,41.3165152,-74.1730176,1,1,12,2
98f2d2a5-5f1d-494c-b920-c50d6761b62e,Apocalypse Ale Works,micro,Forest,Virginia,United States,37.36302124,-79.28917899,1,1,20,3
b622e216-d777-41c0-a795-bb901d31a555,Apocalypse Brew Works,micro,Louisville,Kentucky,United States,38.2566442,-85.72031443,1,1,21,3
5b484569-0e34-4ba7-9a4c-c89657d75a4e,Apostelbräu,brewpub,Hauzenberg,Bayern,Germany,48.6390058,13.63452,1,1,11,1
855b2e6e-9fa0-40da-bcba-343bef14d556,Appalachian Brewing Co - Collegeville,brewpub,Collegeville,Pennsylvania,United States,41.5082102,-85.5378194,1,1,37,5
cb55778e-fc31-4634-b56f-570961484c8d,Appalachian Brewing Co - Gettysburg Gateway,brewpub,Gettysburg,Pennsylvania,United States,41.5082102,-85.5378194,1,1,43,6
48fd38a6-736f-4e76-b69a-8642d82c67df,Appalachian Brewing Co - Harrisburg,brewpub,Harrisburg,Pennsylvania,United States,40.291059,-76.8816961,1,1,35,5
dddd1391-58ad-4a74-bd0d-93997ccaf17d,Appalachian Brewing Co - Lititz,brewpub,Lititz,Pennsylvania,United States,40.15827375,-76.30100986,1,1,31,5
19693f1b-962f-4b88-8d53-7faf3e176208,Appalachian Brewing Co - Mechanicsburg,brewpub,Mechanicsburg,Pennsylvania,United States,41.5082102,-85.5378194,1,1,38,5
5b127f6a-3364-4588-b5ad-f7953fc6ee54,Appalachian Mountain Brewery - Boone,micro,Boone,North Carolina,United States,36.2033414,-81.668461,1,1,36,5
d8528f09-f3d8-48f9-9719-db00b4e10b71,Appalachian Mountain Brewery - Portsmouth,micro,Portsmouth,New Hampshire,United States,43.087884,-70.8044602,0,1,41,5
7861ed8a-e099-49ad-9507-2b901120320d,Appl,brewpub,Alerheim,Bayern,Germany,48.83533,10.61385,1,1,4,1
b5d8ac9a-0449-46e7-8eb8-c1078ee793bb,Apple Blossom Brewing Co,brewpub,Fayetteville,Arkansas,United States,36.1297079,-94.1372796,1,1,24,4
12a02dc2-b34b-48cd-8e34-eac44554c0cf,Appleton Beer Factory,brewpub,Appleton,Wisconsin,United States,44.26173602,-88.4139148,1,1,21,3
ea5535e7-94e9-4c24-baa4-32b15b495c8b,Apponaug Brewing,brewpub,Warwick,Rhode Island,United States,41.7265254,-71.4691256,1,1,16,2
e04c1682-dba4-4366-ac2e-4a8dab19da3c,Aquabrew,brewpub,San Marcos,Texas,United States,41.5082102,-85.5378194,1,1,8,1
61239a88-ebee-45d3-9794-12860e11259c,Aquatic Brewing LLC,planning,Falmouth,Massachusetts,United States,41.5082102,-85.5378194,1,1,19,3
fc2ce5e0-8796-4749-9aba-8710cd557ccb,Aqueduct Brewing,micro,Akron,Ohio,United States,41.0698532,-81.51788487,1,1,16,2
e37a575c-5e11-4a2f-8e58-8fcce92e78ac,"Aransas Pass Brewing Company, LLC",planning,Aransas Pass,Texas,United States,41.5082102,-85.5378194,0,0,33,5
e38d5dc2-4bf9-4627-b468-922baaa621ab,Arbeiter Brewing Company,planning,Minneapolis,Minnesota,United States,41.5082102,-85.5378194,1,0,24,3
250d36ec-b9f2-46f4-a4d9-17216f6490b6,Arbor Brewing Co,brewpub,Ann Arbor,Michigan,United States,42.28041029,-83.74822471,1,1,16,3
90fa4058-a971-4fd5-8783-559c670cddde,Arbor Brewing Co. Microbrewery,micro,Ypsilanti,Michigan,United States,42.250158,-83.6099915,0,1,30,4
de65181e-2bce-4a5b-bf4b-1841c3321584,Arc,micro,Evansdale,Otago Region,New Zealand,-45.7177905,170.5697102,1,1,3,1
30561ae5-f2b9-4690-a94c-12bd52df29bb,Arcadia Brewing Co,micro,Kalamazoo,Michigan,United States,42.2950789,-85.5715368,1,1,18,3
084a0621-2a9d-4588-825e-5c5cebc4e8db,Arcadian Moon,brewpub,Higginsville,Missouri,United States,39.001467,-93.773203,1,1,13,2
43aa2e45-0b2a-473f-8696-7b9f63040279,Arcana Brewing Company,micro,Carlsbad,California,United States,33.14038605,-117.273876,1,0,22,3
d7d60dca-5554-4aea-b906-bd768ae233a0,Arch Brewing Co.,micro,Richmond Hill,Ontario,Canada,41.5082102,-85.5378194,1,0,16,3
76da304a-4094-4cae-929c-bae2ae18d24d,Arch Rock Brewing Co,micro,Gold Beach,Oregon,United States,42.3898306,-124.4155402,1,1,20,4
cf5055f4-59f8-4adf-b16c-b9233281bedf,Archaic Craft Brewery At Centro,brewpub,Tustin,California,United States,33.7419754,-117.823173,0,1,31,5
ce1af2d9-e7d4-4d13-99f6-212067335f9e,Arches Brewing,micro,Hapeville,Georgia,United States,41.5082102,-85.5378194,0,1,14,2
d86d40e0-1a3f-4c34-9b07-002191bc0952,Archetype Brewing,micro,Asheville,North Carolina,United States,41.5082102,-85.5378194,1,1,17,2
fc552937-9245-4091-94b2-645ed0599756,Arclight Brewing Company,micro,Watervliet,Michigan,United States,42.19104832,-86.25939238,1,1,24,3
27cfc500-a1ad-4a6a-9224-6f4e2a7a75b9,Arcobräu,brewpub,Moos,Bayern,Germany,48.7454643,12.9610071,1,1,8,1
596ac64f-9586-4b9c-8ca4-9e637be672ef,Arcpoint Brewing Co,micro,Belchertown,Massachusetts,United States,41.5082102,-85.5378194,1,1,19,3
14e4b777-090d-46f9-8cfa-795c1201a191,Ardent Craft Ales,micro,Richmond,Virginia,United States,37.5684425,-77.47201237,1,1,17,3
0b0b64c0-f10c-4252-8243-e5b9255e0b95,"Ardent Spirits, Inc",planning,Collinsville,Illinois,United States,41.5082102,-85.5378194,1,1,19,3
1914fbf9-74d3-4115-909e-fddcb112e227,Argilla Brewing Co @ Pietro's Pizza,brewpub,Newark,Delaware,United States,41.5082102,-85.5378194,1,1,35,6
7a5dc3de-6ec7-4407-94fa-3ea9a5b627aa,Argus Brewery,micro,Chicago,Illinois,United States,41.68854885,-87.61206845,1,1,13,2
9408064a-bc10-4e15-84d0-3ff698036d4f,Argyle Brewing Company,micro,Greenwich,New York,United States,43.08767125,-73.496758,1,1,22,3
264be80a-dc5e-40cf-93f9-cd4914656440,Arizona Craft Brewing,micro,Elgin,Arizona,United States,41.5082102,-85.5378194,0,1,21,3
701f00a8-fa71-4b74-9fb9-cf82c24c5b38,Arizona Wilderness Brewing,brewpub,Gilbert,Arizona,United States,41.5082102,-85.5378194,1,1,26,3
5acdc1a1-5631-4c03-960c-bd076237f124,Arkane Aleworks,micro,Largo,Florida,United States,41.5082102,-85.5378194,1,1,15,2
5f887385-2c6a-4de6-8dec-68fb5c58029d,Arkose Brewery,micro,Palmer,Alaska,United States,61.582157,-149.103408,1,1,14,2
e10fa788-d3d7-4917-bf66-4caf54d5e6bf,Arlington Brewery & Cidery,brewpub,Arlington,Gauteng,South Africa,-26.7909,28.0267,1,1,26,4
4cc17a95-7020-43f2-bc23-b9d9ddd29a10,Arlington Club,micro,Portland,Oregon,United States,45.51786855,-122.6818596,1,1,14,2
6caf8832-1b1d-468a-a01e-87c9f82dcad7,Armada Brewing,micro,New Haven,Connecticut,United States,41.3028906,-72.9029373,1,0,14,2
7e286282-9365-48c2-8bd2-1193bac62449,Armadillo Ale Works,micro,Denton,Texas,United States,33.21286666,-97.12830051,1,1,19,3
d0dc210e-6f0e-4194-8791-dd2fe153843b,Armistice Brewing Company,micro,Richmond,California,United States,37.91966864,-122.348274,1,1,25,3
244d5454-88ea-41c3-b3b7-c4374e8b795c,"Armour Brewing Company, LLC",brewpub,Armour,South Dakota,United States,43.33084265,-98.34450702,1,1,27,4
a19630e3-638c-4ab8-a305-36c4f1cb84f7,Armstrong Brewing Co,micro,South San Francisco,California,United States,50.44703096,-119.1925726,1,1,20,3
93c6a990-ce00-4839-87a5-abc311813ce6,Arnsberger Mühlenbräu,brewpub,Arnsberg,Nordrhein-Westfalen,Germany,51.3983754,8.0605326,1,1,21,2
2f4fd4b1-0018-461a-a75e-cdc71ad9ad19,Arnsteiner,brewpub,Arnstein,Bayern,Germany,49.9771374,9.9736913,1,1,10,1
d95ce7ad-97be-4a46-a9a0-85260f2bef4f,Around the Bend Beer Co.,contract,Oak Park,Illinois,United States,41.90015593,-87.79493034,1,1,24,5
bd2bb8ad-bd4f-4b9e-9ef0-aa6c506edcbf,Arrow,closed,Arrowtown,Otago Region,New Zealand,-44.9387375,168.8326281,1,1,5,1
03411879-9d3e-4e2b-82a5-d5d01935074f,Arrow Lodge Brewing,micro,Covina,California,United States,34.105251,-117.8767215,1,1,19,3
118dd02b-488c-48a7-bfd0-7b49ee168f96,Arrowhead Ales Brewing Company,brewpub,New Lenox,Illinois,United States,41.48205844,-87.95726941,1,1,30,4
647378c3-df63-4da2-a88d-808943dcd4f9,Arrowood Farms,micro,Accord,New York,United States,41.80666144,-74.24891742,1,1,14,2
05549159-6724-478d-a976-4925533a40f2,Art History Brewing,micro,Geneva,Illinois,United States,41.889484227325,-88.312704761043,1,1,19,3
174e828f-10aa-43b9-ba31-3c3f45001288,Artifex Brewing Company,micro,San Clemente,California,United States,33.44918353,-117.6058963,1,1,23,3
1d34d7cf-c2ce-4e07-aec2-930d3299c584,Artisan Owl Brewing Company,planning,Ocean City,New Jersey,United States,41.5082102,-85.5378194,0,1,27,4
e0783ffa-721d-45e2-9715-cbc1023a7d27,Artisan's Brewery & Italian Grill,brewpub,Toms River,New Jersey,United States,39.9625642,-74.1880387,1,1,33,5
8fb6c630-7647-4a16-a55a-fde63c129636,Artisanal Brew Works,micro,Saratoga Springs,New York,United States,41.5082102,-85.5378194,1,1,20,3
1dbe2c5d-41f9-4859-9f94-79fc24e9fa51,Artland Bräu,closed,Nortrup,Niedersachsen,Germany,52.60442,7.88856,1,1,12,2
70540ae8-472c-462b-9d2f-fa0fa341d7ed,Artois (Inbev),large,Leuven,Vlaanderen,Belgium,50.885292,4.700844,1,0,14,2
ed7c9e44-df88-4e3e-8ed2-54af6f4539e5,Arts District Brewing Company,brewpub,Los Angeles,California,United States,34.04505443,-118.2357029,0,0,29,4
6f83ab76-9ebd-4b2c-a290-effaa2dca8b9,Arundel Brewery Ltd,brewpub,Arundel,West Sussex,England,50.839971,-0.534301,1,1,19,3
39b6533a-40a4-4ba1-a41e-dd8f381b7ed7,Arundel Cellars & Brewing Co,brewpub,North East,Pennsylvania,United States,42.2195527,-79.8216539,1,1,28,5
ed6c7254-d6f6-40a1-a330-135a1e3a09ad,Arvon Brewing Co.,micro,Grandville,Michigan,United States,42.909272,-85.7720434,1,1,17,3
41f5672a-79ff-4559-9231-db2ecdcb2385,Asbury Park Brewery,micro,Asbury Park,New Jersey,United States,40.21956661,-74.01229282,1,1,19,3
ce507918-f969-4d44-a218-daca121c4bd0,Ascension Brewing Company,brewpub,Novi,Michigan,United States,42.4783271,-83.4609783,1,1,25,3
911ba23d-87ac-4446-bd08-3bc36e9c18e1,Asgaard,brewpub,Schleswig,Schleswig-Holstein,Germany,54.5144146,9.5618837,1,1,7,1
e337af00-da5a-4bcf-ab5d-d9d9252b8ae8,Asgard Brewing Company,micro,Columbia,Tennessee,United States,35.6174542,-87.03329688,1,1,22,3
64749ace-0bca-4548-83e4-c6465547c60f,Ashby Brewing Company,micro,Ashby,Minnesota,United States,46.09300639,-95.81621756,1,1,21,3
051edb66-62ad-455e-a04a-d6a0e5fa4178,Asher Brewing Co,micro,Boulder,Colorado,United States,41.5082102,-85.5378194,1,1,16,3
b5671147-4dec-4e19-b256-79a2f03b94e9,Asheville Brewing Co,brewpub,Asheville,North Carolina,United States,35.5917763,-82.55530545,1,1,20,3
3638576a-b41f-4ffc-a039-9d2b27df4a47,Ashtown Brewing Co,micro,Longview,Washington,United States,46.13507657,-122.9330459,1,1,18,3
799a4fc7-16fb-40e7-9fd5-4664da3976f3,Ashuelot Brewing Company,closed,Richmond,New Hampshire,United States,42.75946232,-72.23236816,0,0,24,3
e5c53698-deb0-4bb9-ab37-56db1bc09efb,Asia Pacific Breweries Pte Ltd,large,Singapore,Singapore,Singapore,1.3365111315439,103.64778327672,1,1,30,5
be30d928-4a14-45eb-a944-89b01b544080,Aslan Brewing Company,micro,Bellingham,Washington,United States,48.74801531,-122.4754509,1,1,21,3
9c9090eb-a361-47e7-b2e5-06fefe21eef7,Aslan Brewing Seattle,micro,Seattle,Washington,United States,47.652201,-122.354134,1,1,21,3
59bdcaa8-a690-429d-8f85-539eb4e57120,Aslin Beer Company,micro,Herndon,Virginia,United States,41.5082102,-85.5378194,1,1,18,3
793a6866-a01a-4af2-b14c-09e692b9668e,Aslin Beer Company,micro,Washington,District of Columbia,United States,38.914111389586,-77.032262686209,1,1,18,3
5b2501b2-d069-4e5f-8c6b-ef9f6ee408cd,Aspen Brewing Company,micro,Aspen,Colorado,United States,39.22153402,-106.8597747,1,1,21,3
60195a53-786c-4540-ae1d-a3bbca7a41fd,Aspetuck Brew Lab,closed,Bridgeport,Connecticut,United States,41.1544649,-73.2357109,1,1,17,3
eafb7a5f-83c9-427b-b894-8ea1d0751c31,Ass Clown Brewing Co,micro,Cornelius,North Carolina,United States,41.5082102,-85.5378194,1,1,20,4
4cabbfbc-d07c-40b0-b5f5-fa456c22b7a2,Assembly brewing,planning,Portland,Oregon,United States,45.491048,-122.6003912,1,1,16,2
215dc8f1-754b-4dac-a448-255375c5a8d9,Aston Abbey Brewing Co,micro,Aston,Pennsylvania,United States,41.5082102,-85.5378194,1,1,22,4
686e0f81-196a-4e76-9b73-2e3957c7b871,Astoria Brewing Company,micro,Astoria,Oregon,United States,46.18980259,-123.831516,0,1,23,3
d916497e-0b1b-48aa-8add-10a62c0b3e90,Astral Brewing,micro,Houston,Texas,United States,41.5082102,-85.5378194,1,1,14,2
d94c95b9-509c-4d53-86a6-769555e1773e,Astro Lab Brewing,closed,Silver Spring,Maryland,United States,38.9465532,-77.029129,1,1,17,3
e49978bd-c6d2-46c6-a3a4-50964ab4f783,Astronomy Aleworks,planning,Henderson,Nevada,United States,41.5082102,-85.5378194,1,1,18,2
7b552890-643d-4615-a73b-791cff62299b,Asylum Brewing,micro,Anaheim,California,United States,33.84988007,-117.8612062,1,1,14,2
f786b344-af07-4b30-a236-93a93314f9d5,At Ease Brewing,planning,Sacramento,California,United States,38.5815719,-121.4943996,1,1,15,3
